adid,itemid,level
Y0CQ6,NKRP6,other
T4WN6,QVT8S,platinum
GQ8JT,KIE8I,gold
V49GW,OEYRT,other
N9427,TZZSO,silver
9AFZA,GOA1X,other
VPUEM,41BHM,platinum
J82FF,9T4E4,silver
5GT9S,ZOXPM,gold
8N9S2,3KPDQ,gold
YUPSL,Q0D8Y,platinum
CQ4EF,LXLYF,platinum
CF8Z7,33GFY,silver
PN0R2,JNSBK,other
WFUH5,199SM,silver
PBRHO,1GR3D,silver
V1DGJ,Y3C35,platinum
8EBHM,WHQ8I,gold
XHCBM,F6H5A,platinum
4NDB8,FCC2T,other
QEOET,507OD,silver
D63CG,WJ5PN,other
W4KND,MZ0U0,platinum
V7QH2,N108C,platinum
06TWY,IW0J0,silver
A3FVC,1BK15,silver
4WSWI,51CTV,silver
0FAMV,6Y8W1,platinum
2Y0CZ,XJHVB,other
CK2EQ,GT4Z5,platinum
59AC5,81W16,silver
3D0M9,CCC53,gold
IAZ0U,GPBCG,gold
A7GMH,P0M0R,platinum
RLG4Z,P8ZJW,gold
2HQI7,QC9G0,silver
JRBCC,NUUZE,platinum
9UXC5,H2DRJ,other
X8LNY,ET0Q8,silver
JRVVX,GPZPY,gold
CCRKJ,O0B6O,silver
9ISH4,WD5M0,platinum
TL7ET,AJWGF,other
T0GG9,WA88F,other
VH4H5,EQIA6,other
VJKYF,H0HZA,gold
MODYA,CSBS6,gold
7S25N,FZHDP,other
OQK1M,KHO60,silver
B72MH,OHX9M,other
NCNJG,9J1JV,platinum
X8JG5,7L11X,platinum
175U5,2V1QS,other
M8OAV,YMYJO,silver
C7JQJ,LBXAQ,other
4EF7C,BS6HD,gold
CTA2V,Z97S2,platinum
3X6Y7,MYA06,gold
7E1NS,K16BX,other
4YOBA,Z1G2E,platinum
QVE5Q,SKF0K,silver
YYDKI,27SZF,platinum
VDC40,1WT76,platinum
FJW0C,FNFQ2,other
DG4JB,9N9TR,gold
IUG9W,JJGOO,platinum
5HD3V,JUHND,gold
SIYSH,D7KEH,platinum
Z2XM3,I46YC,silver
ECC5Q,KLTHN,gold
NOF67,2BZ5H,other
HJ11F,LPFGP,gold
G0JB2,U4IT7,other
B5UQF,PXSIB,silver
WBWWL,4RTIO,gold
OXEJN,YQACM,gold
HASXB,LYJZD,platinum
L3H4W,6JEDO,silver
NXV4S,8515L,silver
9ULFG,72VJO,silver
JIOU6,PNV6Z,platinum
LSX0C,220YV,platinum
ZEEI0,KZLD4,silver
J1TWF,WJVR2,platinum
X7DY0,QM5R3,gold
U2NXS,EEOKB,other
LGRH9,6SCTF,platinum
2ZL01,BEXSP,platinum
3V7JW,GDA7I,other
F4NSA,D26MW,other
ANTHT,30BZP,platinum
4F5O8,TLK9K,other
BHRCA,B5PEW,silver
Z2GQW,37ZPB,silver
MFCEQ,02YGN,silver
H7PKE,QQEM3,other
S7I7N,86J10,gold
8ZRS2,E62DS,silver
IKHHY,A0VN9,other
I9TW4,9XKBX,other
56U5D,ASJPL,other
5DNBW,X2J7P,other
A7EFZ,RGX5T,gold
2XAMN,9P97R,gold
HARSO,JXY8R,platinum
SMG13,M1GV3,silver
V01J2,EFBHU,platinum
INL2W,UGNRH,other
5YOM2,IQ1AH,platinum
DYCOF,WU0G8,platinum
LOTF6,DS4GZ,silver
W03D7,YCMC6,other
5Q4NV,81FOL,silver
DKWAS,KLB1H,gold
1OZ9O,THOFT,other
6IJEV,LW5LF,platinum
GFUU8,WRWM4,other
QB7CM,R8VMO,silver
7WMMQ,M19FT,silver
YQ4WP,3CC82,gold
9EA35,YZ6S4,other
0532H,JD0UD,gold
GJ0N2,ENKHD,gold
9ZCLP,KY2MI,other
RWU1G,FCPWW,silver
MS263,NCXHW,silver
BHGL0,X6B1N,platinum
A861D,7Q1IE,gold
RHWO8,6K3AB,silver
PE7TU,RGFOT,platinum
4SKIA,F8X3C,silver
BIZJL,GJM6C,gold
N5NPI,Y4RI7,platinum
WI5GB,QFD9M,silver
TAO9K,ZEJ0P,other
48UFQ,30QV1,platinum
MUSYD,NBGBF,platinum
PV2OQ,I3HI7,silver
TBW8D,XA91K,platinum
5DBPC,9XJ21,gold
UEDW1,KV1DG,platinum
N21JW,WQ8M2,silver
V0YA0,4PSLL,silver
3CH0Y,TUUJ5,platinum
I6JFV,D86Q5,platinum
LPBK9,GJKO5,platinum
1G3JC,3U4UW,silver
YBC5F,DYM05,silver
J3P6W,FSCOL,platinum
ZVR5Z,A84FX,gold
S94C8,JC74R,silver
C3ZHZ,6VNJH,silver
BRCQS,PG93O,platinum
7VYQN,DFOCE,gold
VP8WK,ME6NS,platinum
ADJWX,22V1Z,silver
U5Z1K,K9G6O,gold
C2IVA,J348U,other
QME91,IMK9T,silver
L7KEK,H7ZHD,gold
8Y1RT,FR0CJ,silver
RQ879,TYQPS,silver
M1JA6,8HNRI,platinum
YX3C9,Q6Y9L,other
OBX7K,81CD0,platinum
5BPPR,CZ8HX,platinum
0E2P2,9PSME,gold
K2E1Z,P3Q01,silver
WUFTB,GYBWK,other
QMZY1,J60K0,other
C3WIR,KOPC4,silver
Z47IC,8XMVH,gold
WXAEM,XYSW0,gold
4CUBU,F3WL1,other
R0JJZ,68Q33,silver
KII4C,4SGJZ,gold
YLWFF,FYKAL,platinum
MQUQQ,F851I,other
J29JC,CRJ9N,platinum
CUEM3,ETORL,platinum
7KVI4,JF1A2,gold
7VAFG,ANXVB,other
2VY6X,4UAZW,gold
BLIBV,R912K,platinum
DTYDK,Q1HVC,silver
E0D2W,ADZWR,silver
30LB3,NAA18,silver
YEWGH,B53W6,gold
LZAU3,6EPJN,other
D8ZQB,8F2RM,gold
FVWG4,W053N,gold
7SCAY,WBWBB,silver
9JKLK,G2VQD,platinum
VB4ZC,CFGAT,platinum
SVKPW,QZ2C4,platinum
03XIY,ZOV7D,gold
AYLJB,N6Y1Y,gold
6ACDH,8FWGU,platinum
YB01V,UZBBQ,platinum
X6N8Z,27ZOS,gold
WG11P,K2CD7,other
ZP4ZE,M5XSS,silver
7X8B4,EALTD,platinum
UZG8D,N9B9M,platinum
B0Z1G,CCNGL,other
KKV40,YPL86,platinum
S6HXW,9TOD4,platinum
47DMQ,DCF51,platinum
USYCS,5ZS2Q,other
0RYNW,L677M,platinum
WKB1Z,77X9V,other
E189I,0EY1B,platinum
KOB7I,E1UZR,other
SVH0Q,OC8QZ,platinum
6V8JY,V7WX2,silver
YWY46,EERSR,silver
0GJJA,LERI7,gold
N6HRK,5HG8G,other
CAHX4,KWPI4,silver
2XQ5O,MLE0C,platinum
E6KBK,GEEHM,other
N2ZQB,VK0WY,platinum
K2DYF,VKZMC,other
63C4G,14NRE,silver
59Z4Q,U78VC,platinum
XKTJ3,ROJWJ,gold
4Z09F,3Q97W,silver
HSJXG,GS3YH,platinum
DI9MA,RCBHZ,gold
95G49,OF17O,silver
VGAPO,OSVJ1,other
TROA5,LQA5A,silver
6VFET,N8552,other
XYJOS,63J70,platinum
4WSYI,MW9WK,gold
ZSG4S,61A62,gold
WPLV5,NUGFJ,platinum
YY363,A1793,platinum
6T5OU,C8TTN,gold
UZO1D,KZZIF,gold
QMULH,AOREC,platinum
XBOCA,LC7LK,other
IHMF3,JS28E,platinum
70E8L,WK7XM,platinum
0Y4A1,7M555,platinum
CRBWX,BEXSP,silver
I7FQG,HWFRW,gold
JIYNU,XDNR0,platinum
6H9G4,OTH73,gold
24L39,XGZAA,silver
QYF6V,1UJ0K,platinum
W40B2,BMMKP,gold
2O1PQ,MDMS7,other
O2SX5,LZ3IZ,platinum
7FMT7,PYIE4,gold
JVCVK,8DLVE,other
M05MK,Q13NU,other
V7MUL,I04YY,other
U9MAC,RWUY0,gold
2OG71,P4FIZ,silver
V5MKX,6LAY9,silver
Z2U3E,2A0CU,platinum
HJZ38,CZIJG,platinum
CBZNF,E6FLL,other
08NAI,IKCQ5,other
88EF5,7AR0K,gold
XTFBP,DI1HA,gold
6XJ3Q,EHP5D,gold
ROYY6,6DQJD,silver
QFCJU,IOTNG,other
741UY,MQ6D2,gold
IJBH1,VULNG,platinum
RQYHW,IRZF9,silver
M88DV,C3UOQ,gold
5BQVI,ZG4HN,silver
G90EQ,6ESUH,gold
I5C7O,DOGKE,silver
NLOZM,D9SEE,other
RW9MN,048AF,other
IR9AF,XDEYL,silver
UCFAS,9VJN4,gold
RM69W,AVNN3,other
680HF,QFD9M,other
LSP1S,UMYSS,gold
AREUU,UZVYN,silver
P7IQD,JV2CT,other
OQU85,9S7LO,other
1XK7D,6EZZ8,platinum
4YBPF,GP0RV,silver
LI2AX,K4R5Z,other
P5SRZ,JYKNH,other
DK7WM,7ZPZ2,platinum
TJL9Q,EEOKB,gold
0KP9I,OLHBA,platinum
7TB3M,69LDO,gold
Y6YNY,TQY08,other
F8AFA,TREMP,platinum
2R0WZ,HK6D7,silver
KPNCD,J4142,gold
P2I6S,4M3R4,gold
WWXT6,ZHNQD,silver
4MZV4,34H2Q,silver
4SVWY,Z4P7G,other
6TPM1,KHLLE,platinum
K6I78,CT5PR,other
Q1T37,NV9W6,gold
MQ3EB,PUDUJ,platinum
QANLL,4CXFK,silver
RABBK,T8QOI,silver
IF79Z,6WUM5,silver
PZ5XW,MJXFW,gold
HBLA8,RQQTP,silver
NYMUL,1PMBX,platinum
J60OA,1MCPH,gold
CI6F0,W6HFD,silver
MDVIU,HRNR4,silver
4VRE3,F2VXY,platinum
6Q9Z2,480VS,other
0IHHL,M4FHX,other
G1QRH,1RC7O,silver
8EACA,PMSO2,platinum
0Y4BU,SDD2W,platinum
ZODN0,4QCGX,gold
ZI9T0,W6ST3,other
8D28J,KLT06,platinum
KF4SR,4EPK7,silver
AD7EA,NUU4G,silver
J6IHV,YL4J5,gold
UJVEF,XWB18,silver
2V548,NU9ZJ,gold
2YZ84,3BGXG,other
OJZ6U,WMG3M,platinum
JJCYH,2D9NJ,gold
TW4ZU,WSRN1,other
O6CYX,SK50N,silver
APE4H,6WWSZ,silver
P8B76,AR8E8,gold
WCXLV,FJ37V,silver
0AP4W,0KRSQ,platinum
47KYS,52LU9,other
B3L2U,QSJZI,silver
J61ZP,AP0H1,silver
PNQP8,7XKOS,silver
09VKV,1H109,platinum
PVJUP,99OKS,platinum
Q9L8H,1ICFS,other
LWPF8,HI5F4,other
SYR6M,6FE1E,silver
UBCMM,H1BUL,platinum
3FQ6S,DBPHV,other
R92T9,NDM2R,other
4XOFF,OAANE,gold
B6VGP,WHBXA,gold
GTFZI,0O042,platinum
KLOII,7ZGCQ,platinum
TJRNF,BEY1S,platinum
0LMBW,Z73MX,other
RFROA,7ATM4,platinum
A0IJ5,EXQ8Z,gold
OL3U2,XKZZS,platinum
RMGW5,YQACM,silver
SNS9Z,FGIRP,gold
HG7I3,YX8X8,platinum
8MLEQ,XUK78,other
Y6DWY,58SFY,other
8JCT2,8EHE2,other
NZFG8,S68BT,other
3KCMO,3SGCB,platinum
Y0E9N,XWGLM,platinum
FMG6I,B56ZO,platinum
71ZQ4,S7N68,gold
NCM2N,T30XR,platinum
JP34F,N4Z05,silver
SZVTF,5W796,gold
XFOI0,CIZ9R,platinum
5SJ7X,MDWWJ,platinum
UUEXM,WL502,platinum
71YZC,W1URV,platinum
SJ7M5,AZI9G,silver
J1QNH,21SSY,platinum
81LCT,V4DM9,other
XGG5P,VAB3D,gold
F3QQ9,FSQ3D,other
H7K5P,QVE5Q,gold
JJLEG,YBE2H,silver
3Q0CE,C8LVX,platinum
2DWVQ,YF59W,other
BSPNF,8MWF5,platinum
7N2UA,OH7OM,silver
79IV8,WP0ER,other
TG2RP,B6L45,silver
TFXJ2,913R9,gold
2DS61,KRW2B,other
7MKAR,E6QYU,gold
QM54Q,1FO1Y,other
5RLAN,S16IZ,silver
GB1TU,4XXY4,platinum
IHPW4,ANXU6,other
W110X,Q83P8,gold
92IGA,K2HTL,other
PZG0D,TKKOY,silver
TR7H9,HT3YM,silver
JAFVV,ZVVTC,other
PX3Q8,5I0AY,platinum
ZAGAG,ZX8TZ,silver
T8H6T,C3NV8,gold
SDPHK,WNPM6,other
3QK2B,PBCIG,other
HGTFY,3CRG2,platinum
YO369,I6OOA,silver
A0OSW,D8PUU,silver
3QWRK,ZRT7H,platinum
V9IC5,N3WOD,other
1B84V,AYP1L,gold
S026S,LQ4YI,gold
FWY0Y,LWOJJ,platinum
Z9A1S,BEDDY,other
1ZT49,6FE1E,silver
KWC12,I53DI,other
OVOYB,OWS7F,silver
5EGLC,A6GK8,platinum
LA711,HGT1F,platinum
2T8CK,TCM7S,other
GH4ST,UYZ5O,silver
RV3ED,DND5A,silver
3T9NY,FSIIK,gold
CFXAS,1BZKW,silver
CCJK4,MLZ88,gold
B9IGE,9AMVO,gold
HMG51,SYZYY,gold
26K8G,R8ZNT,platinum
16IF6,58SD0,gold
9PGYX,G9WMY,silver
8ZTPF,L684Q,platinum
XSW6X,RL0FW,gold
JQNIL,VAPZV,gold
4IRQI,085HX,gold
WUMG6,2C2U8,other
QUMHP,UIG0A,silver
GRY9W,AEZ0L,gold
OZC08,E2KKR,silver
KQCRF,BVXGZ,silver
AROLQ,DOJW6,silver
7HK5M,MOSFB,gold
CQABK,R66RN,silver
ZO9MC,R3GNJ,platinum
82VWX,E5WMF,gold
B0XL4,WCXLV,platinum
YAM50,843F4,other
KATLG,ELZBH,platinum
ZQ70U,UH85O,other
HQUQQ,53LLM,silver
6B566,JPAQK,platinum
0CB09,AUR0N,gold
RBB5Y,FM2Q6,silver
7294L,UOGGP,gold
NT1EO,KCFRG,gold
3I5U2,0530H,platinum
Q5V7O,75F48,gold
6QZ8G,QG3B4,silver
54E7D,GMPPF,platinum
IQFTW,PI8QJ,platinum
XCVGG,JHAMI,gold
TXLA4,MB43W,other
NF0R5,ICWTJ,other
YJ1N1,O7OXI,platinum
I3UXS,5BPXO,other
K3IVO,UXGSA,other
82ULF,MYM9T,silver
WHHYU,TW1LD,silver
AMTLK,2OSVX,platinum
PF7QG,HP963,gold
FZ35J,HDBUH,platinum
HJHZG,F6BXN,silver
GNTZL,XWJ9L,other
VLZQL,0ZSTH,platinum
FN7W3,5W2TE,gold
1T3DI,3QEXH,silver
OOEI2,EHPZB,other
OHUIM,OZW2H,platinum
U5V46,Y681K,silver
BLRM6,COD2Y,gold
LHD37,TEFZG,other
UVOV5,U4IAW,platinum
B4IAF,THJKW,gold
HDUTM,LB1T8,gold
OLXY7,EN3IG,silver
NZCOA,UKONE,other
0JMEI,RVLZQ,silver
S2V70,WA65H,other
R7T28,WN1R6,silver
VZRAN,CO260,other
Z1IL4,UKF7Y,platinum
KMER6,N9JTY,platinum
L5H4P,SQJ5E,other
HD7CF,11WU4,gold
IJNWX,U1CXQ,gold
5IV7N,JDLBS,platinum
2SGI0,S7MF0,gold
MILRR,QJNLX,silver
V8GFZ,PONU9,gold
V1PV1,YZX0A,gold
45TPY,050LI,gold
KF9R3,0MYC6,gold
KJ9V3,EUDZ5,gold
3HITV,BR9EJ,silver
52AUJ,EPY1I,other
TLKF0,V7WX2,other
8I0VI,X2NY2,silver
KFFPH,VR5P7,platinum
MBYVQ,Y8XJQ,silver
27CT2,TLFZ2,other
O4A7Z,XVC1J,silver
WSKLR,GY5X2,platinum
DRXG0,R1CW2,silver
HWYJT,K3HA8,silver
EP8EN,UGQFT,silver
9GKKD,MGXIN,other
N8D5E,695U4,gold
MK5M7,PFWM8,silver
FJX8A,CCC53,silver
8OTA0,1M8JK,silver
RWGTJ,VH764,silver
AZA1O,AJQOT,other
SAL38,CU1WJ,gold
ACFIZ,TVSC3,other
O9GBC,XPGWK,other
SKYBU,DOPBR,other
6WPC0,XSDKM,other
DMV3L,PDYWN,platinum
MHSUV,91QWU,silver
5KYO0,G0T0N,other
2XC7O,B907L,platinum
5OF8H,ZHIQQ,platinum
TBUHI,12A9L,platinum
QAXIC,H9AEI,platinum
R0DPR,016DI,platinum
GR5XS,ID80Q,gold
GWSMV,SMLMR,platinum
MMYH8,SJHD5,silver
WZB8C,JUTW1,other
QM6TF,K6F80,gold
19WLJ,K0S54,gold
SL5SP,6FIET,platinum
MW1RU,M3NXI,gold
I3W6I,4IOM2,gold
3Z4UT,KYSGP,other
C0E3L,FYCNQ,gold
ZOSG1,5BIP5,silver
BDZ07,OT7KI,silver
PKGH8,ZZEBR,platinum
56P1J,07W0X,platinum
LBVJG,9FRB4,silver
PG9G4,YJOSM,other
FNCZQ,1ND3Q,silver
VQE2I,POV3M,gold
2RVQ2,6XBIN,gold
UPWXW,EJL0E,other
Z8TZB,MBIR1,gold
1JFID,1INO4,silver
XPFO1,0BO2O,silver
SBE3R,TA0P2,other
2AKAK,FU0WT,gold
DOO5Q,WMTTJ,silver
X8U56,H0LQB,gold
NOGIG,DYM05,gold
F132Z,WRWM4,gold
7U7NI,P3RB8,silver
Z7D3P,01C4U,other
THUQ6,7VBRB,silver
GVG9M,QYEGT,gold
BBT3H,OEIEW,gold
PR6TQ,MWWR4,platinum
Z24TV,PDTL7,gold
SGVFJ,9KFP9,other
WROL9,VKVKU,other
4GFL9,V4QMZ,gold
XVXDY,0UA3S,silver
S4C86,NL6K0,silver
RUEWB,SDE5A,other
LWSQ5,ZI4QR,gold
PWOHD,0MEFB,other
YCUBA,77EMZ,other
NL3GZ,J5I30,gold
IDAQ1,J0J44,silver
V4VQV,I61YT,platinum
7P27B,FWARA,other
7MH9P,OB3ME,gold
8UJP5,LN2IP,other
2QLCX,R2DG2,silver
VROZA,WMS35,gold
GIVKB,10RVC,gold
KJFIJ,K0OD4,platinum
BXSWB,IRAFD,platinum
AXXVF,YO75C,silver
0MXQJ,5A8BD,platinum
LI6HU,RGKPY,gold
WQ3Q2,POV3M,platinum
XGUJQ,Q60SI,platinum
FXXRW,XMIBW,platinum
NMK31,F75WN,platinum
XIB20,4BOKQ,gold
YSM1A,PW5AR,platinum
551ZZ,Q8A48,gold
KUH62,DZ0HE,platinum
YOIQB,YNLMD,other
U4W6O,NHSXD,silver
B5IRN,OQ4HC,silver
S1OAO,DR9TG,other
Q9MIY,J3EE4,other
4IBZ1,4FQD2,silver
JS5QZ,DDOZQ,platinum
3ML53,T3HDS,gold
0M7S1,VQSIH,gold
KJNTI,205RS,platinum
KDGIQ,E6QYU,silver
97QG9,9T4E4,gold
14UOH,GBRYR,other
FQ8WJ,4CSNW,gold
YXBXV,FYOUK,other
HG9MN,QJZU3,silver
ZJCFC,S994H,silver
0H0NV,QDWW5,gold
NA7R0,S3HEZ,platinum
GXVQ6,UG893,platinum
NDGQ1,X7HK5,gold
GUVHS,IDQTA,gold
TEGZ4,WYG6I,platinum
OIPIC,1ZK2Z,gold
99P1P,76XJN,platinum
GVLSG,AU395,other
4Q4M2,XMIBW,platinum
ZW1QY,B6AX9,platinum
85HPW,EZUQS,silver
2NZOS,01JMW,silver
C1B9B,DHU5Q,gold
T2VB9,4SGJZ,other
RCVCD,13TAI,silver
HA7G8,EJN0A,gold
0RGGL,9V8II,gold
9PO4Q,TASKW,other
775EO,T6JD9,platinum
3EPOH,AZYSE,platinum
50QM9,YU4LT,gold
YJ5ID,A6U6T,silver
430V8,Z4YDL,platinum
T86PV,CPPIR,silver
61RSY,H1SGN,silver
NGTTM,9UGYN,gold
8KUN0,JL42X,other
PR7XZ,NT1N2,gold
42GKH,VC80X,silver
YZMBK,FWQVV,gold
V1YCR,0TSBW,other
AFCJ9,T2NV6,platinum
V1I6S,V450J,other
ERJMP,H879G,platinum
B2RT7,IRA4T,gold
KCKA7,LRPPD,other
UB36O,QQJAK,silver
D125K,YE8XI,platinum
ODURF,HYNXJ,platinum
B4WQ1,JMZEX,platinum
7LK1M,XUHWH,silver
3SR7V,IXPUB,silver
E28HG,A4DVH,platinum
0N8QW,P0A56,silver
A7E0H,MDQWD,other
EG3JY,T9X1V,platinum
9CW1R,SR0SZ,silver
28UM9,LXW8K,gold
260I9,F851Y,gold
S9NQD,2NI49,silver
SYICM,NCCB8,silver
2SAC1,8ZMCH,other
AKGX0,UWRHD,platinum
RZ6WJ,9VAYC,gold
CZYRV,QZ15N,platinum
PC5PN,2D25T,silver
L2OCF,SWJ4X,platinum
1BJST,7TFCX,gold
T5YHW,7B8CN,gold
XOCGW,6O031,other
TSGAE,VX215,other
5N59Z,NN5FM,other
JA73E,5NE9G,other
ULFV3,4PIWB,platinum
0DKQS,1DUJR,silver
1A5E4,7D3PZ,silver
9X4ET,UVXD3,platinum
03W2J,QX44T,other
EQNI7,VXVUM,silver
A1WT1,517TB,gold
CCP1F,ZSCBA,gold
4NHRB,TP7CE,platinum
DEBQJ,C228J,other
KNPO8,PGXKC,gold
25VJE,WMPX7,gold
DDOZQ,PPQ4E,gold
G9JFX,VG902,silver
M8N96,J1HWS,silver
KLWEG,08OCF,silver
ZHLD0,U0IK1,gold
UPBDC,5BYS4,gold
UHFSQ,31ZNL,other
G1OQR,BJH11,gold
8HXXR,LO7SA,silver
0SXRA,BG9KW,platinum
ONE1W,5S45K,gold
O9FS6,N349R,other
WN3M3,P5NTJ,gold
MWUVB,FWRER,other
GUY1X,K27EV,platinum
XYY9S,2WIBF,platinum
EYNLM,SI1LW,gold
YEG9C,FD0NP,silver
W30VT,8RD4G,silver
1K2I3,UW1T6,platinum
WUHBJ,2NXQQ,silver
NHSXD,V5JOM,gold
9OB34,DH3NX,gold
NNMWX,UJIC0,gold
RAVDW,LRCM7,platinum
19J34,FXE7Z,silver
BF35A,IJPCC,platinum
GYG0I,V349Q,other
TYA8C,LTQKL,platinum
L3L2M,LK4O5,gold
C645Y,WD6W4,silver
3V8GK,5K743,gold
4R1OC,IHVX1,gold
UY5PB,Y8CE0,platinum
VMJS8,4CXAF,platinum
GQYNE,0PAO8,silver
J085G,42JI4,silver
XZW0Q,XGG4L,gold
3XNFU,4TPSE,gold
0N1P0,6BF98,silver
NTENT,VUZTI,gold
P1USK,JM6W9,platinum
5AI5E,JV16S,gold
2RM68,FCEQT,platinum
SW240,K7EWL,platinum
NQ015,22III,gold
5VDU5,YJC1G,silver
2EF8S,2RY1O,silver
V3HW2,7SX7C,other
Z8WAW,RMUBQ,gold
461OD,76TPM,silver
8M8NH,WFSJG,other
DQUVD,VF5GB,other
J6B0Q,EC82Z,other
8OSKP,USL6I,platinum
PPRWM,9WL5O,silver
YMNNY,QIWDL,platinum
TFGTN,D5B32,gold
F2ST5,UKAT1,other
9X7GU,JU8WW,other
8J4Y7,8C3EM,silver
8JIEJ,S7CSR,gold
O6WY9,RGTHN,silver
199PG,HRLIG,gold
V08TN,LK56C,other
S784X,47TZC,gold
AVW3J,5N9XV,silver
2L5T6,GJUIE,platinum
7WV1W,NDFV1,platinum
056F3,Z7F7E,silver
84H9T,B6DYH,gold
XCLTL,WNR4H,silver
OYV8A,58O0H,silver
2N30U,5YQ54,other
MK4DM,HDQYO,gold
HH1M7,1MJRQ,gold
KH0V6,0LK75,platinum
DHHM7,RVWIF,gold
9FFAL,ZNGQO,silver
7JTSO,XC4M7,silver
I5KVM,H94MO,platinum
Z4YDL,NNMV4,gold
MB2Y1,DU8GU,other
EW51V,7ARMD,gold
H42M2,YENHB,gold
COU6R,7PDFD,gold
XNPMU,E76YX,gold
GDFOW,XFNKK,gold
RML22,WODHB,other
F69LH,P9FRM,silver
LEQ1T,PWT57,platinum
GPNTQ,87TYB,gold
J85QI,IVQEB,gold
M6POI,3ZYZ5,other
5GX18,O0M6V,platinum
IIYX7,LK95G,platinum
NWO5D,6DQML,other
3C8UM,ALSPX,silver
BU5E9,VYW4E,other
T8LOB,XUF5X,other
N2STS,Z6D71,gold
WRFAB,MEN7X,other
DJFDQ,TEN54,silver
EFOCU,CEEG6,silver
3B85Z,COD2Y,silver
BPWWU,RZBJD,platinum
ZDBR8,I8YRO,platinum
JAZQP,0LF5W,gold
L2JOV,YOBR6,silver
6E64O,6L2BZ,silver
XTQOT,SRWPO,silver
SRY5H,632TD,gold
LNRX7,X11HO,other
0N82V,EIFCE,gold
4TGBC,F07JE,gold
O91U6,1ST10,gold
S53DT,W8LR5,other
4I8OD,4B49P,other
POCSH,P4ZEQ,other
OCX33,IWE4S,gold
VQITC,AYQOU,platinum
QPF3H,EHFEV,other
LT6GA,3HDW5,platinum
8LXVO,ELKUK,silver
6DYQS,0YLHB,other
DAIO9,8JLCH,gold
ISLK5,7GBLS,gold
5T9PW,6YDWN,gold
OJJR7,LKCEP,other
SMVNI,0TXQ6,other
K6O1Y,B1WTJ,silver
WT3I1,IJF4T,other
NDQ7D,LA3AJ,other
D0LBA,K5CQA,silver
ECRVB,O3WUR,silver
GY0VN,RJS2K,platinum
2YU28,G9M7N,platinum
GS2HI,SXNTX,silver
P6V0V,LZGXR,gold
5AHJI,9BNZR,silver
IPKWV,4NBH1,platinum
PC6M8,CL0BZ,other
LZ45N,5QZF7,other
TOH73,LZV8U,other
RUFGJ,U7DGF,platinum
LD3L7,HAAT2,other
PLMCV,KS2PG,silver
TVVUF,INGT5,silver
E5UW1,XSUDA,gold
HBJ8X,ZI4TG,platinum
9GT1Y,DBXBK,silver
4DPRV,WV9HK,other
UDFEC,UP07X,silver
IDTQO,KTJZ4,silver
NNI2Y,KS0TW,platinum
YUVS1,1E322,silver
MB1JU,0WRP0,gold
O7I4T,0WU9Y,gold
28J6Y,GB9XY,gold
P309U,72W1H,platinum
BRZJO,M5DUP,platinum
06LJD,AZCO1,platinum
GAPHE,0DVVQ,gold
JNV07,OWLD8,other
FUYH6,9S51E,silver
DSTCK,V5BD4,gold
WSK31,C47IM,platinum
PFH0K,97LJB,other
7387L,VA9SH,gold
GB4JN,JKTAB,silver
F67QI,04AG5,silver
HZAS9,RDDXQ,silver
U5TDB,92CJN,other
HCNQO,A0D5X,gold
OM6S1,Q9VYQ,silver
340NN,7LXHU,gold
XKTNC,OXAY5,other
8VNIS,V0FGF,gold
VDIE7,EHZRI,gold
DHJYT,25IZ5,gold
M69AO,4FS7I,platinum
2QSL6,5YK0A,other
GKH9J,YQD0N,other
CTNHQ,ZJ0UH,silver
OR913,BOJEE,silver
O80G0,O3W1W,other
XPB6E,TOMKL,gold
WMNV1,7CQEC,gold
51TRY,TKR2V,silver
JIBEL,Y3C4O,gold
X731M,00E5T,other
6Y3ZQ,3R096,gold
SK98Z,ZT3S8,silver
FT1T1,C96GY,gold
7SMA6,MV835,silver
XYXYN,MR5BC,silver
ADG60,RPJTC,gold
OVVWX,KQ51N,platinum
FQVRS,W3OOH,platinum
ZOGOR,38T6H,other
ISIRD,2UBTE,gold
VH2DR,WV9HK,platinum
NOVFG,EB72M,silver
T0X8L,VNT52,gold
IZRF8,SPTMC,silver
K40PX,NK471,silver
VLQNG,N1OKM,silver
ZV3GE,AN2FB,platinum
MXRCI,4WI82,gold
X2STV,C86BB,platinum
ASKB2,LRPPD,other
H14FC,6C767,other
1ORI4,HYL7S,other
W08T5,26E9V,other
TFHGE,FB3E6,platinum
2E3B8,YHKP2,platinum
ZKGXK,7FFU2,other
JVCHT,XXRU5,silver
LNZ49,IKNTK,gold
ZHTX8,KD3UG,other
F2OS4,WCB6Y,gold
BHBV1,921SB,platinum
CGGT3,W6FUM,silver
1QXQ0,GSRE0,other
7T41P,GRKEY,platinum
SIGLI,YT2V9,silver
SRGUH,EG1FE,gold
EU7CR,IQQSN,other
HKQMO,RE28T,silver
CDAMG,6MXTX,gold
5FTM6,ONH6R,silver
1KP69,ERILV,platinum
MD715,71R03,platinum
66ELK,3RS6I,silver
K0X10,NN5FM,silver
006O3,SD3CG,gold
47CUV,MMS71,silver
S7EDE,Y8TQO,silver
RPFGM,7O1BW,gold
QF6CB,7217W,platinum
F1IWE,R5VV3,platinum
O4F7O,DNYTK,other
3XPIH,UH1IX,silver
6DZN1,F3GZL,other
YC9A6,JMKN1,platinum
XBIF7,GULUK,gold
KYXNE,Z95QI,other
JO40T,HX2ZN,silver
RTZXP,J3E8C,platinum
0IZSN,4UG2X,platinum
UVCSM,CKRT9,other
CK9NX,3YS9Z,other
O7IL4,I7KWS,platinum
CZIDM,4MX3D,other
AZ78H,E1ZRQ,silver
U4D5I,PFJZX,platinum
W3UDF,LO00W,platinum
AF0RN,XE8IF,gold
V49Z9,TZM3X,platinum
E55B2,J7Y87,platinum
OT7KF,QHXA3,other
ZZLBD,CCGMS,gold
5GENZ,EBJX3,silver
6478U,XMG0E,gold
VQBRD,DCMAL,gold
A4WLP,HLXUW,platinum
KR23I,BKH3U,platinum
LHOIF,X8GN7,silver
BQLC2,YQRR6,silver
GYRUZ,J9T51,silver
UM7T5,4S1DM,platinum
RWK4T,U2547,other
BJ9RL,BR6RQ,other
TQBWG,TLLP3,silver
7UO6P,4931O,silver
KU7NQ,DSDYN,silver
ZW8YU,0IO99,silver
ZSO8G,5JK7S,silver
KHRU9,V1368,gold
AJX4G,P92DM,platinum
OQDAW,WASYY,silver
B6AYP,IIKZG,other
4SIYB,US4SQ,platinum
EFTEV,NRF2O,platinum
HNGLM,QCO3B,platinum
XF7PR,78S9D,platinum
RFN4P,VOJ7T,gold
ATLNB,FDXXW,other
7WOZI,GOE8P,silver
66K5E,CEKOZ,platinum
40QLA,MI8B9,other
CECW9,YBS45,other
W7VIV,ZWY64,platinum
WFRWZ,0YPWW,gold
JY6SQ,7VBGQ,silver
DHM4F,CFSGT,silver
Q2K1N,QM9C9,other
I449X,FF443,gold
EUY5Z,YJOVW,other
3GWO8,BJJUD,other
727GZ,KBL3I,other
2UY3G,5YC7S,platinum
2LNLH,YEJBQ,silver
7L92O,I0PB5,platinum
4LC7R,7N8JR,silver
B5R1C,1VSMH,silver
8447V,EK73U,other
8RCEF,SQN6Y,platinum
RU8L8,160KQ,other
6FBXA,22MKE,platinum
4DJXH,JZA8P,silver
054UK,32SXI,platinum
UK0YV,Y77KF,silver
80J2F,EKDJT,silver
B72OT,U36A1,gold
WF6RB,YV4D4,platinum
E9VER,OBL4U,platinum
PA18V,M38H8,other
Y3H7A,OYFNI,other
HWE5V,FGCK9,other
G8AL0,HDX5Q,other
CDKWL,A5FVJ,other
4UTGX,4TB3U,platinum
31RXM,ZQSTY,gold
X3L0S,ELFRU,platinum
RWUY0,SJCXR,gold
NCN5V,PQAFJ,platinum
P54PH,4UA1H,platinum
RUIC6,IU79H,other
3CQ3X,EWAI2,silver
1.70E+05,35P8T,silver
0S24Y,W721P,silver
IWT3J,WQJJF,platinum
3IQHK,OAANE,silver
4C9L0,Y1X3D,platinum
WAUVG,YHRLM,platinum
YCYSP,FQ44E,platinum
GW9NM,WIUUS,other
K1BRQ,X3N82,gold
SRXC0,3YOIC,gold
MAJFM,FGQDK,other
UGGPU,WJMS4,gold
L8P57,2JBJM,gold
6O6VR,8BMY4,other
A0FWS,IKNTK,gold
DXLGP,5S22C,silver
CV9PO,WAL6O,silver
FDGU5,KKOKG,other
Z5VWC,NFLPZ,platinum
8VI0V,A8DSM,gold
0LW33,6S3Q1,platinum
AO8EP,6XUMM,gold
02PTG,XVZUK,gold
DBJD4,LNW2F,platinum
JCNK9,2LJXB,gold
EJ8AM,S2G0E,other
94A37,MOXYP,other
B2L5M,8R406,gold
BUYHZ,TK7D3,platinum
81TL0,6K2HM,silver
7H0FW,IWUS7,gold
4SY25,ISXVE,silver
466PB,LO4A2,silver
PTQ11,UTTIV,silver
BPI5N,UZS96,other
5D94C,V2MD4,gold
GOE8P,E9AX4,platinum
TJNQ3,CHC0U,silver
QO90N,VE0PT,platinum
C6IRX,Y3FSM,platinum
OB7E5,G1UCP,silver
NBWY0,5YRO9,other
1QR8S,IMRE9,silver
AAXHY,WEF0G,silver
54X9J,UP07X,platinum
PGIMT,SS0IS,silver
QOTD7,ZCWLT,platinum
WVM4H,T7AS3,other
Z0C1D,WYG6I,other
NUBJ2,PJZ1W,other
6CIJO,2BYNP,other
CE8BA,LMWIC,silver
XCN49,53TU6,gold
TTBO5,6CR0A,platinum
WDD2U,XV9E8,other
7BL9E,0GJJA,platinum
996PD,4Q6ZI,platinum
ICK2P,1GY9W,other
U812P,NCFKQ,platinum
Y4ZLS,11LSZ,silver
QANOO,X7E7Y,other
ZUE5A,LR5HD,silver
5DRRM,U93IP,platinum
9QQ6F,FKHGC,gold
Y7EWQ,755NT,silver
2000Q,4A1DK,gold
8790B,OV9IM,silver
7TCUA,D1H72,gold
XMENC,C8AZJ,platinum
LW98R,XE8IF,other
5J1AW,5G8KY,platinum
VAARN,3TVFH,platinum
45MOX,RVKZR,other
X817S,9IWTH,other
S5GDA,RZ30S,silver
ZMDY7,D6LF5,gold
U5PX8,WKCGJ,silver
DCO20,UOW05,other
SFBQF,BHX5N,gold
UOK50,5UII6,gold
DFJHG,4736I,other
LU5B8,7ALVQ,platinum
PKY6S,A12CA,silver
Y7WFQ,VTEEO,silver
1WFA4,GMR8H,gold
SHQ1D,H9K88,silver
GYN8X,DLR5O,platinum
3E8YH,22KEK,platinum
H2NLU,MAM38,platinum
T10CM,F6BXN,gold
5LO33,ECK03,gold
QNYMF,E9ULD,gold
ZNTAH,PW2RH,silver
OBYCI,4CO5C,gold
E2XNK,WA65H,silver
F0USU,GJUIE,gold
PMZ0J,SQANO,gold
OS1S0,I8L5K,gold
DZZRB,L8WZZ,other
HBSCB,HZMMD,other
9J5GF,ZBJUZ,gold
NPPAE,1ZCUJ,gold
IMW33,25FVY,other
NN2X8,CRGE1,silver
WA1YY,PQN0T,other
UJANN,9ROCB,other
I5R98,B7P8D,gold
UMB0U,XKLIS,platinum
PUZUU,AM4QP,platinum
PYGY9,JRUI0,platinum
V02LW,0QKV6,gold
QBFRI,0QKV6,other
SE8EI,T1N4Z,gold
8PDI9,94WWK,silver
GEILW,5OGA0,platinum
4RP8A,ZMCWM,silver
MY5UQ,4GL6Y,gold
JQOTT,AF0RN,platinum
J9FG5,QVZQO,silver
FOSKC,E1ZUS,silver
7H02W,WM645,silver
G21H1,BVR1A,gold
QKZI0,NW8PM,platinum
7FOMX,PY0HE,silver
356CV,QMTJ8,silver
95BS1,DB1AN,gold
FPS6O,AARTO,gold
F7OFQ,KQETE,gold
YH2FA,6TKZ2,silver
KW5PN,34DJN,silver
RAJQE,7H20X,other
P1P28,F8DX5,gold
G1RE5,DCZWA,silver
LEB1H,1E80I,silver
HKVT7,J3CX2,gold
IV0LJ,6GVOA,gold
MPS2A,RBHRC,silver
HANL0,E7OA3,gold
Z263U,YMEV1,other
RE1MF,EOJ9R,gold
FYZ0M,4019B,silver
5CU6I,RJBM4,silver
AIDK9,4SJQM,silver
QZOMV,LB1T8,other
ULBRJ,3EZKL,silver
6ZH03,BG37L,other
0FANT,U61SN,gold
ILYKM,INJ0O,other
7CLBC,438I2,platinum
R0MEF,J26P1,gold
87BU7,RY6J0,gold
UO8E2,LGFKI,other
23PG8,TGW4Y,gold
CD104,E7DGW,platinum
A1N5F,FEZS3,gold
0ISMB,0VUV4,platinum
9OXDJ,6IMOW,other
3ZGYT,KB771,gold
JYLUO,GSCX5,gold
0BPEX,4GLO5,platinum
8G8G4,BQU1U,silver
BK7L2,0GC5U,platinum
I1T6D,PNXYD,other
05TT7,WPQ2D,gold
21YMI,WFD3U,silver
EBQOU,3TVFH,gold
O60DS,WHAWF,gold
E1EY7,WFH69,gold
EHME0,28LUI,gold
UYA58,06KHT,silver
DQASS,5QSW0,platinum
TO9GM,I0CTU,platinum
0HA6I,L248Z,platinum
LY99M,DWJ7E,other
4MOET,XIYZT,platinum
D1RS7,RYEJM,silver
4ZQ9V,CZAMZ,other
EG4EI,F0HN3,silver
0RZLT,GY5EN,silver
D7T7J,TIZ11,other
1CNSR,02ISS,gold
2KRFU,03GH9,gold
1VVAE,GKYH3,platinum
XW1BX,EMTTB,gold
WVJ3G,I6OOA,other
2Y49T,IATKX,other
1UB50,7X6A6,platinum
UNHMI,Q7F1R,other
BXR0O,2Y6AJ,other
EGRBZ,L6KPB,silver
91VQV,AZDJX,gold
2PMG2,1HY8K,platinum
LWDTP,KTHM1,platinum
U4FUB,OIEQM,gold
HG04Y,AO8MT,silver
CPRM9,H1FKJ,gold
75A6B,LGZZ7,gold
X359G,C5CGK,other
93LX3,M3UJY,platinum
3B3YF,DZE3J,gold
FHJ2K,HD377,gold
1XVHX,Q0TQJ,other
GDMHL,41U3F,other
08IBI,TFNKP,other
68OPB,FX1CL,gold
FCUMX,B51ES,gold
UOD78,2XHJP,other
IU4J6,9H249,platinum
WICKR,M0TCG,silver
VPR0S,5Q3BJ,silver
4SJQM,TCYWW,gold
T4AGX,AIDK9,platinum
9PYMY,3PAFP,gold
QGSK9,XUK78,platinum
30Y0O,2GAUK,gold
1UT50,2ZRVD,other
4ZPCH,ZQUM2,silver
DUTU5,9K0AE,gold
ICGZP,XGZAA,gold
TGY0R,4LOD5,gold
AOS9B,2ZYL9,gold
6RJON,7BMI0,platinum
EFO3E,HV7MT,gold
IW1YV,9KEDJ,other
AM1NE,72DWL,silver
HT3YM,FD6RD,other
IBPFS,E51JK,gold
10VH4,K4ZWN,gold
4DGK4,8DWD2,other
BSKIY,QVMBI,platinum
HYJMK,IULJR,other
GBYB0,D1RXA,silver
U689F,W476F,platinum
EWCP6,3VPUT,other
E6ETC,PCN4U,other
6Z0GW,X3IZF,platinum
5LCEM,IDWYZ,platinum
2OLZ4,BZYES,gold
R0E96,S8LGJ,other
MN5MM,4XTAT,platinum
Q88PQ,0DC8E,other
I5PBV,EJCH5,gold
4ZL3C,T0EMO,gold
OO8OZ,V5TW5,gold
P4N68,2GZNR,other
W75FC,4S5G5,other
HM63I,94ATG,silver
89DVC,MV8JJ,silver
E6UY7,U1K4Y,other
SEG4W,NZJDU,platinum
BG6Y7,0VUV4,platinum
V13VR,G9ACX,other
F19QM,RGCSY,platinum
JX5W3,ZR0QS,silver
D2UWP,LRCM7,silver
INEW1,I080C,platinum
AJGC4,7B8CN,gold
6O3VW,Q1MSF,other
WUOER,Y9ZT5,silver
IANVS,86YME,other
KH66F,A28TD,platinum
ZC3TY,HP5AM,gold
9WZI7,U90VS,silver
071QV,UZS96,gold
S30PI,9SMV6,gold
ZIQ74,594BG,platinum
NO6XP,PFFBX,gold
TT58S,OHWNX,other
WHAIW,9YUQZ,gold
FNR15,YY363,gold
0AXF3,MCX38,silver
3Z5AQ,7NQA3,silver
H4USM,THJKW,platinum
EMVQA,RX59R,platinum
1V7I5,Q1COI,platinum
7QMWU,MZZJW,silver
8F60O,2KE00,silver
PLGOS,319LG,silver
G0SUG,B5P78,gold
11SY1,L399R,other
SEH22,DG8KZ,silver
U9PQK,XS8KW,other
A1GKO,ZFEZB,gold
8XW63,PSLIF,silver
OC8VF,QN61L,platinum
I813F,HWBR1,platinum
E1R3D,VYD6H,silver
C6SRA,6D2M8,platinum
QJS22,HX26K,other
5HILH,C0SR9,gold
S868N,X8EYA,other
JFH1P,2OVDK,silver
G35W0,EEB2W,gold
6H8CJ,K95U5,silver
BNRJG,UT4AJ,platinum
BAFRR,LF8NP,other
4UJXG,OQYQ8,platinum
DMNLY,3XNND,silver
OCJIM,8V7FB,other
3F1H9,I0PB5,gold
PHG93,MUXL6,platinum
13R9D,R8MZ9,silver
VMWW8,F07JE,other
3XZZM,NNB7T,platinum
PMTAD,18US8,other
3GVCS,F57GW,platinum
OFR8B,QF71F,gold
ITZG1,HY0XM,platinum
CL7TL,G934X,silver
9X2BH,NAIIX,gold
VG6X5,2QGSV,other
RT7RI,I7SVR,other
EDX4S,9H249,platinum
8K8JK,VOJ7T,silver
0J5BZ,3BGXG,platinum
7EZD9,SBTS3,gold
4TS99,YKVJM,other
BBMWD,IDJ1F,platinum
72E7U,F8X3C,silver
WVRX2,44T8U,platinum
1CVX0,4STWV,gold
W8LCO,8YT6D,silver
VF3I1,HAPZ0,gold
N67FU,37J9D,gold
KJAIJ,96INL,platinum
NCLUU,5OP9L,other
7LU7S,9UYJN,platinum
3HLQK,MMZ79,silver
TPC2Y,NWHC3,gold
6FPWO,KH7V9,platinum
VKFGE,2D25T,gold
NZP9X,DFL7M,gold
6V8V1,8LXVO,other
CEEB2,RKTNQ,silver
C5HMM,UC2HJ,other
JNPML,UBVEC,platinum
K3H8T,NQG7W,other
OJLBD,530GA,other
IHVX1,0O88R,platinum
MK95E,RABV0,other
3SCZW,N97MD,gold
OMFPJ,IHHDW,other
2HEYT,2CI85,silver
8515L,2UAVR,platinum
DGUKH,EC6R4,other
4JZLD,O5RYB,platinum
LF0LK,2B7KI,silver
1OSL7,0XGW8,other
PLM7U,NL683,silver
0NSU4,T2WYE,platinum
6BF98,5A8V2,other
UCB4Z,XRO3I,other
XJ0TX,B7K9J,silver
KEX7O,H9V8N,other
GNJYK,32MX6,platinum
5PMZL,IX6P3,gold
DBG4L,COOZX,other
LQ46R,NH2J4,platinum
06EF7,HOQU6,gold
X77OD,IGA77,gold
46TTL,E4N93,platinum
CJKSC,TWKUK,silver
1KCK1,NWLER,gold
84V7K,5V4K8,platinum
5LPAU,YSC4Z,platinum
86SME,BNV1R,platinum
I8AQG,PB6XJ,other
U6MB6,W6LKJ,silver
TZA7Z,9I9Y8,gold
OJU7Y,SAF95,platinum
1UWPS,V16D0,silver
BEZ2O,5D3RE,platinum
HJXLX,T8P6V,platinum
PP5C1,LQ4YI,gold
AS23N,D6C70,gold
9YGH1,QJ1MU,gold
J9YNB,N25NF,silver
ISRKC,419G0,gold
ENY2B,Q5QJB,gold
QNEG8,960GI,silver
1UN8Y,H3AP5,silver
A166A,W30RB,gold
SNBTH,CVOKE,platinum
PT9X5,0XW9D,other
XABER,Y3J4Q,silver
7K20Z,EGVM6,silver
QBQXL,KK7O0,silver
WSLM4,1MWCH,platinum
BA4KP,23CI8,platinum
ZI0E7,RUZMY,gold
Q76VK,7M4PP,other
F2BGX,YCQSP,gold
GKF09,6WVRX,other
YLZE1,27D57,silver
JUOY6,JDH5Z,other
MUA5Y,KQ51N,other
651I2,2MVW8,silver
K9OLE,NZOSU,other
4LNTY,MS685,platinum
1YBQK,8XK4U,other
4LH86,EZF9Y,silver
1TIS8,2BRQK,other
BS7C6,S68BT,silver
P1UQC,QS5K3,platinum
7TEPU,JKSCU,platinum
EQTUF,PKL13,silver
8S33G,7XYZA,other
DBI0L,3XND7,gold
Z08AW,4GHSM,other
4DNYR,23N21,platinum
4C35F,5K8GZ,gold
WKVV3,WOL22,silver
Z0JD0,RMBFD,silver
6492J,B6GBP,gold
ZHWOA,PMWNT,silver
81RX1,6TKZ2,gold
KWW0H,3SY96,other
ETK7Y,40MFQ,platinum
SLH7T,GO6WC,gold
RVDPF,JMKN1,platinum
1HOKW,8OTA0,gold
P5V92,GHBRA,silver
2BAF5,DOPBR,silver
S1FXP,OGSHX,platinum
1WVD2,ODYC4,other
UPQUZ,8Q5YN,silver
QQ474,AYB53,silver
GBBTO,6LD2P,platinum
JLG57,HSI5F,silver
XWX43,56E9K,silver
XC0BC,CITLD,silver
6I0ZJ,X39UG,other
87AGR,NS9ZE,other
SPKJC,S9A5U,silver
QEAUH,CTRTQ,gold
NIOZF,QQY9T,silver
9J0C6,BU6RF,platinum
AJVV1,JDHSH,silver
3UV6A,DJOFF,platinum
PD002,UYCHU,gold
00B5O,39KRE,platinum
LTJ4P,RSOS8,platinum
UXEQ6,8VPDR,other
HZPT7,NOYYO,platinum
1N52Y,XHB5V,gold
JX9RG,9LZIA,platinum
LTLMW,WQG5T,silver
AOIBW,3LA1T,platinum
XH9I7,Q9VTV,silver
CBT54,MVR7X,gold
18X0L,3L5OC,gold
N5L8H,3HZ88,gold
2JBJM,TLCX8,silver
O4USJ,SOC52,gold
A75OD,X39UN,gold
CBNVU,HXF13,platinum
3VVKJ,QIDW5,platinum
AACY6,Z1OGK,other
HA43Q,JIVVC,other
11WF7,OYR9G,gold
1PE4F,220YV,silver
KUSVT,BNMKU,platinum
ZJOHA,LFM42,gold
FFL5Q,CF7VH,gold
I0IFT,C673U,silver
4MFHY,CHL7D,gold
8M0PN,6FDIY,gold
NN9EZ,B5AGB,other
X7EZB,KQ2WO,platinum
FBY50,U9N6V,silver
MFY4V,7YSML,other
TXBKH,IV9HI,gold
9UH8P,KDGEM,gold
345OA,V2IK3,platinum
OVZHM,6QQG1,platinum
0E03B,IZI8Z,platinum
8H63U,FBDW7,other
BO0VS,JNY08,silver
YVMGO,DCIAL,other
OP09N,X12KD,other
A0Z4K,1M8IN,other
JLLFG,2VQV8,gold
BSLT1,Q83VE,silver
O3K3C,RDHCK,other
5HRVC,EHTGX,other
9BLHN,F3BJG,other
MIT60,I3UUY,gold
5C517,76IIX,silver
QPX66,IW0J0,platinum
XXUJE,AKGF9,gold
ZB2O6,MT1TQ,other
ZPU3B,2V1QS,other
GA28Z,KUPJA,silver
BZH7Z,A5MWT,silver
2VF69,0KX7H,gold
F95B8,ZEDUV,platinum
28DAD,S2UB0,silver
0Z7NT,K6MZV,gold
3W4NZ,ODLOD,silver
DD2OG,E9ENZ,silver
J5Q9X,CGSY8,gold
3132C,PE1VG,other
2EU0I,9GVYW,platinum
W1NG0,I3VNN,silver
NBPGB,75PL2,silver
3MUAQ,EOD6K,platinum
SDNRD,70TYX,silver
RGKTA,AP7NN,platinum
7P1K0,36FY3,platinum
H2W89,EHME0,silver
ADZ0U,QMI7U,silver
2WHVY,U36A1,platinum
XAXW6,JE2Q7,platinum
PWJ8Y,WPS57,gold
5MZ50,4JPGT,silver
OCSC1,XU3XN,silver
8EUF8,JVCOP,gold
YFZ27,VCSEM,platinum
YMCPD,C9OUY,silver
Y3V0Y,M5KD4,gold
3S4NA,C4IMU,silver
8N1EU,232AW,other
9AZ2O,S8TEQ,gold
878P7,0S665,platinum
64PGM,F4YDD,platinum
N638X,3LA1T,silver
IFT9Q,LJJLK,silver
431X6,2EEVY,gold
ZQHQC,ZO0C6,silver
7GEO2,CWY3U,platinum
MX3QW,LHO40,platinum
SJBRY,ASJPL,platinum
7YZ9B,LIZRS,platinum
WYYUR,KLT06,platinum
5UTUL,8PC6Z,gold
QKCHY,ACFJ8,platinum
K5HSM,ZCNJT,silver
IWN8I,SXABC,platinum
OYDQ2,9JEC1,other
449GT,S770A,gold
H8DDE,WC07K,other
7V4S2,4IWBP,silver
0ZDI4,KD3UG,platinum
S8QM4,BQT8U,silver
50L99,PTUTJ,gold
804EM,E30YJ,silver
NH1O3,7FX8V,platinum
BT0YW,N184W,silver
QZNEW,K3GZ3,gold
UA79F,UXJ7D,gold
RY2Y8,9P9M7,other
HA0VN,GJOBZ,silver
6U26L,6UTC0,gold
TOUN4,3ZYZ5,silver
4CV5W,BJH11,silver
T2U87,2CTTN,gold
IQ4RF,HVQNB,gold
VLN9Q,BVCKC,other
FQ3C7,Q1HVC,silver
83MP0,C4G5P,gold
QHB9R,YCE2Z,other
ACLOM,CY6Y6,gold
650B6,PYTP4,gold
WPKPE,UOK1I,gold
2XCXK,SY32T,other
JMM47,3MFED,silver
5B57Y,H7ARP,silver
MSFYT,LRWEK,gold
DGBGJ,LXTQL,gold
DO6J3,K22M7,gold
XT3P6,8TL5U,silver
YU4EP,D6NS6,gold
MQGZW,ZLWIW,other
XG97C,BY7OP,gold
O5A0N,BIADB,platinum
RWCUH,J101F,gold
K6NUT,LHYK7,gold
8UQPC,OYO9S,other
V03K5,AJPY2,gold
7VX0V,F74DR,gold
TIXP5,W8GRD,platinum
RFJUF,53TU6,silver
8CA3E,HYMFQ,gold
8C087,TO2MS,silver
OF8AM,FPABM,silver
K7JYC,OOD7L,other
3UDKS,P4YRD,platinum
PZJMV,7CQEC,other
X39UG,DWLKH,silver
3XS6I,6WWSZ,silver
MLP0T,PV1HV,silver
3DM33,24GS6,gold
6X0RK,X4QQL,gold
UTJSK,9WEYH,silver
KO5B2,45M4U,platinum
QZB60,7XERB,gold
ZFHM0,ERZ51,silver
R5LZM,ENFF8,silver
6MBE3,6PBFL,silver
1CFX8,VVZIM,platinum
NX3O5,A9TXT,gold
XY2P7,49ZYJ,platinum
Y1TW2,OXCW7,platinum
XXNFW,WMPX7,platinum
QMGD0,N09PN,silver
0L7KR,GQF1T,gold
4AZF9,WGXV7,platinum
Y3PKW,ABET2,platinum
KY9WW,GP5MN,silver
2YI3V,S1RFB,platinum
45OPI,5QRTB,platinum
9DYD9,39ATP,other
0PFWU,W6HFD,platinum
93FGD,WMVNR,platinum
R2J9I,35P4U,silver
9Y64U,CU3A5,other
2L20G,ITD71,other
BMNJP,MQQVX,other
7Q3SH,T6J97,platinum
LO0YU,JLFEK,platinum
60GMX,T8ZBI,silver
8YAND,CNUS5,other
WJ1R0,NH1O8,platinum
0D3OT,8SQEH,silver
HZME1,6BHPB,silver
OT86Y,PQN0T,platinum
61F2K,6Z9KH,platinum
A8ASV,2PFJM,silver
UFPQW,X5DCB,silver
OJS50,VUI3I,other
XDVGN,9DCI2,gold
DP7AH,MFQGX,gold
W6GWC,LR320,silver
BVSQ4,K24KC,platinum
6Q2GE,WAO8L,other
ITVFT,CFSGT,silver
DKKYC,IEVU6,silver
0VN1Q,O3FA4,platinum
PU0DA,GBXRH,platinum
PVPVQ,8PX7U,silver
6GE8P,F4D56,platinum
XA13H,IUVAF,platinum
O8P6K,88VSC,other
RL4GH,5C78L,other
J7X67,FEOCH,silver
YHIW4,0LZIC,platinum
7CCL0,SUMZL,platinum
0KZER,MN4E1,platinum
N3L5O,ZVDC2,gold
NCRC9,5ZGDH,gold
M27NH,6L094,silver
PKG0W,0CSWD,other
SJDA8,UDROS,gold
3D0SZ,08CXH,platinum
CGI9S,B4WGO,other
W2TEO,Q9PZU,other
VRZI0,3LTZ6,other
SPTMC,3ZCRU,platinum
AGGMH,LR5HD,gold
IIIOW,GP13P,other
2W2XI,M7W3L,silver
6A4NL,VEUWA,other
8CEGS,A884E,silver
8F0GK,ZOF3P,other
XH1CH,H1BUL,other
5K0FR,CTO6D,silver
V8VR5,U6SD3,platinum
M5EER,AT86G,platinum
4WPFU,AFXTC,other
V8M5I,BVRVO,silver
HNY3J,Y9K0O,other
ABNJP,T05UK,silver
M2S46,RG4YT,other
TPYFK,HVQNB,gold
VFABI,SR0SZ,other
M62GF,CIZ9R,platinum
S3K0Q,9Y0AS,gold
SIIKY,2T84X,gold
GZU87,2LVHD,gold
C6A9W,HT61B,silver
4BF6S,NKVYU,gold
2KPA5,2A9Y6,gold
V2JHG,I75TY,platinum
0ID00,HNTRA,platinum
XLFDI,8XX3H,platinum
O8LQM,EJOSY,gold
G8VNN,TRUAN,gold
SHUWF,3ZCRU,platinum
6PQRU,X920E,other
0DIS4,HZIBN,gold
8EHP5,NT1N2,gold
YMU05,GH9JK,other
H2J99,JHAMI,gold
RB5GW,Q4HF2,gold
IDNCL,DP3EN,gold
N227N,5S9UH,gold
9BPYB,EDDNH,platinum
LSXOD,9O6WN,other
3P6VU,AOK6V,silver
GB2DV,31SE6,gold
NILG9,RAYAM,gold
WSIRQ,WOSYA,gold
Y3UJL,MB7GL,platinum
RFLBJ,KY3KK,silver
LX7DP,50FCE,other
D4D9P,OIEQM,silver
IVTO2,OHYJM,gold
Q2VY0,VIZLC,silver
PGEIQ,CRABF,other
HKIAK,NPEC1,gold
9S73Z,HLH8X,gold
ON411,HXO0J,silver
7BZYJ,EBNSI,silver
ENX1I,8W083,platinum
4DVE5,IXZI0,gold
Z9GOG,I4PEW,silver
7S0TQ,3IG9B,platinum
UHUVZ,C27CW,platinum
LWK9C,WW0H1,silver
078AZ,4L03F,platinum
G5NXS,XJ88C,gold
YCBYD,CZ2PH,platinum
H3VK2,2G64D,silver
F4BCT,IOTNG,platinum
HYS5H,JGRUB,silver
UDGB5,E5V7Z,platinum
V0PBP,AAW8F,platinum
4V7LU,RGTHN,platinum
VDBVB,SADP6,other
8167S,UEMJP,gold
F1B7R,JS23E,gold
OCVBQ,VL2CW,other
0QB5R,38Y9J,other
5Z068,CLAVN,platinum
4WWLW,CBRBH,platinum
HBWJX,GZEHZ,silver
325B6,VDPBY,gold
0B8XT,NUH8C,silver
DTJR5,16XZX,silver
OCA96,X3O4G,silver
92099,S92GG,platinum
1AO0B,R9TLZ,platinum
V5H96,DF4GM,platinum
3UVH5,5R6A9,platinum
JCA9B,G9M7N,gold
2X66S,WASXQ,other
1AFU4,M7PV5,platinum
5HHNH,KY3KK,gold
IFM8T,MROUD,other
RLMBV,R4RA7,platinum
4KH26,Y69NJ,gold
AHNFZ,FLVLU,gold
SPCHU,AYPQR,platinum
QZW8O,UJ72T,platinum
9JS2W,7YNOQ,silver
2OXVY,6ZAVC,gold
Y3X4S,K3CH7,gold
GWL8D,Q4DC3,silver
IPB84,RYVTO,platinum
1P7RJ,1UU1K,gold
844DZ,ZUXSC,platinum
1HDAE,OR2QF,platinum
I6VR2,G0CYF,platinum
SVVNR,V8F7D,silver
Z6843,GVJVM,platinum
E4HQ3,RY8F1,platinum
O8884,B53W6,other
WGVM2,I959G,gold
4J4SF,2A738,other
6Q6IM,9QIWM,gold
CTR4P,GOA1X,other
MXYN1,5L8TN,platinum
WGJX9,U57B0,other
NXYLL,3EF7R,other
JCXBQ,Q8IWV,other
KNEDM,UNU18,gold
WZ4EF,673PZ,gold
PGP0N,26XE6,platinum
MAOLA,2CCN5,other
9W1EX,983FG,other
A00WU,SLN5V,silver
698H8,FROSL,other
PHTEQ,1UX03,silver
IRA4T,GSYZV,gold
TFMQP,PR7K4,silver
SNG78,WP531,other
I0GY0,U3IM6,gold
P2U8S,FLMYH,other
4BBCP,5WMR1,silver
J34A9,96CQ3,silver
BT9IF,UE9F7,other
90VZM,7NWMT,platinum
R1KIL,VY7T6,platinum
RUZTL,IG4B3,gold
MI348,1RJU4,platinum
EDUUO,WN8CN,gold
4U82P,FFYA5,silver
GSGJ7,H7VEG,gold
52PKP,TL33P,platinum
IP3YX,9I4JG,other
6VGN3,7U5OD,gold
3AJ5N,66TTC,gold
6BL0W,JGZH0,silver
VDPRJ,QKMMM,silver
S26BB,POZ0C,silver
DMVOU,NDM2R,silver
FJU7K,WAVMQ,silver
BRVUI,AMS8H,gold
GRZXK,8AW5Z,gold
JSRBX,7FHJM,silver
V6LO3,7NWMT,platinum
BEHEY,G68X6,platinum
FZ5OA,ZVPB9,other
7XVMT,GG5P7,gold
FU4CK,M6L9X,silver
Y4JRY,FAXVF,platinum
DLRIZ,5WMIK,gold
2FDNK,9WYAI,silver
KMB49,X852A,other
W4E15,QNSC4,other
3ZIZ1,XBPB3,gold
CSNDT,X12KD,silver
VMPJR,D6HD3,other
ZL2QC,W5P1F,silver
DAWXD,2BYNP,silver
QGRQU,86ZYQ,other
VOJ7T,0LK75,gold
R0QCV,ZGRVB,platinum
F2H9V,KVGQU,platinum
EVCRC,15GQU,gold
MMGIF,CZ8BW,gold
4A8G0,T8H8R,other
FZO2C,A8RSS,other
T26DX,XFUTX,other
NFTRC,MDL6K,silver
V57KK,2PVTH,platinum
CZLQW,BLDW8,platinum
78FMN,QVSJ4,platinum
I6NY7,9YF14,other
TPD5I,86QBU,silver
0G8EU,FE2C3,platinum
OGCCT,QO8TL,other
GBBHD,ZZYOG,silver
7XQGE,EALTD,platinum
7DZ7I,TUSFM,gold
XY9NJ,JK27P,other
356VD,70IDG,platinum
PTUTJ,UU8NP,other
ULGQH,M8GXL,gold
9JDBL,PJNV0,gold
C2XCA,VZGAO,silver
YDKYR,DEAQN,gold
E3KP4,2GXF9,silver
3HZLU,C41E6,other
WXC4M,5C0AX,silver
DQFS7,PXS15,other
G97AB,J8EJB,other
Z8KNC,48EA3,gold
4OZXR,86C5Y,silver
6C3LX,YLLP9,gold
6CZ8H,LXUHH,silver
JLW7W,TYM3H,other
K3MCT,4524R,platinum
JAON9,9UNIZ,gold
347GF,B3LMA,other
LJMY9,SGHG5,platinum
33YWY,6YKGA,gold
DUFGU,1XH12,silver
LEXC1,PDRNO,platinum
WQ9L6,AO8EP,platinum
OO9M2,4YSHS,platinum
0BH8E,X5XQZ,silver
J3S2A,3EF7R,gold
NFCDG,263OE,gold
3E2QG,ZJJC7,silver
IXYCA,PI13O,silver
FTT71,OWLD8,other
106SR,TAIMK,silver
ATMUV,PLHBC,other
MOL09,6LLPT,silver
7BOX0,AV6BW,platinum
LI6MR,L5WSL,other
51MFD,64DAB,silver
A4ZSP,ZBFFJ,other
KOX9L,HZGY3,gold
U98VY,81FOL,other
3XBFE,5EAR8,other
RM749,6UY6K,other
S7N1E,LIA4Z,platinum
ZUM3J,43EP8,gold
M8N3O,7UPJJ,platinum
1FOL3,JYL09,gold
DPW30,KXIUV,other
T425M,M3NXI,silver
8KNLR,3WX3K,gold
419G0,5NSQM,silver
ZDBQ6,8OS5F,silver
T3WV9,VWT7P,other
ZFLJP,NR2NQ,gold
7TPE4,5JK7S,other
SKB58,W49RC,gold
TO4XZ,6GQ39,silver
CAXHL,FX406,silver
QC00A,98C0U,gold
Z7DWO,AFHJG,silver
7ISAX,SS80T,silver
3LHR7,LVD0D,platinum
4TBH9,THU86,platinum
0DYWE,EV1F3,silver
97WJZ,M7K4P,other
B3Q4P,88DDP,silver
86J19,YDLOR,platinum
0MXUS,SHO6W,other
9P1UD,WSF9A,platinum
0E5TL,6OD70,gold
CFAIE,0TX2A,other
SJR55,GV5IY,other
WVW6K,DE63D,other
64U4E,1ZAYY,gold
EWRKM,N30O4,other
Y8AMU,M99NP,platinum
DFZ7C,KC47K,silver
KFS92,4V8US,gold
GKANT,6Z0GW,gold
KWPCZ,1ZQ4B,other
Y77GD,I3H6T,other
FWO1R,ORIBA,gold
IYN2J,9HWOZ,silver
CBEO6,31CW1,gold
DVGVR,4TGBC,silver
B9QV6,NQRUI,silver
G3YJ7,N108C,silver
5ZNKV,HC70C,other
FLPUO,Q750C,gold
H6GAU,3LHR7,other
JK5HV,46NUM,gold
O6DCL,9QS6T,gold
5KKGI,56GWG,gold
BSTNM,WIWT3,gold
FH0EK,M2VYM,platinum
9EPJL,4B0UN,silver
WMBU1,PHL3A,silver
32YEF,DH3NX,platinum
HPD7H,OPKGH,gold
GW4Y4,0HRXO,platinum
CZ2NT,G7EAL,other
63XCY,02A3A,platinum
R6KY1,4S16J,silver
GSRO0,GV9QF,silver
34P5L,ZBVGA,other
3VJ8H,LIGLT,silver
RKVP2,T270N,other
QGSVB,DN7KL,gold
B4VDZ,QANFW,gold
EFSVD,VGWCE,silver
8DUPY,MV9P9,platinum
98DRE,141IG,silver
E3PVP,0IXUU,other
ZRHU3,XSH6I,silver
9PB1Q,5RWR4,other
QP4AR,8IV2X,silver
LUJ0U,OR6CA,platinum
504DR,99OKS,platinum
TKTI7,YMYJO,platinum
A9APC,0DVG0,other
C016N,KBEZ2,gold
2PRBV,TYQPS,silver
PV5LF,5OTOB,gold
T6N32,AZCO1,platinum
TLH02,W3PVO,other
HTIEM,COYUL,silver
CQI2M,FS1M8,platinum
UM5TZ,A55V3,other
FDQA2,9BC05,platinum
3PXT5,R1LFM,platinum
FDCVN,DHZYT,gold
05DFA,LMM8X,silver
XFGVW,86BEC,gold
NP1JC,X26SO,silver
2F16B,QXKB3,other
LOUCX,8KXXU,gold
89X6Q,50QB5,gold
39QES,45C63,gold
3AE1K,W8MC2,gold
V349Q,I4AI8,platinum
CIXEW,7GDY3,platinum
TLGUK,IST2L,platinum
JQ3S3,L7WGV,other
0ZMFF,SS46Z,platinum
BYQPU,H7MWL,other
AUVNB,3C0M7,other
BB7NN,9E0GT,gold
Y4SDH,QHF08,other
CKH77,GPBCG,other
CYWWY,WPR7E,silver
P4PS8,JEQAF,other
THPLZ,3N5AI,gold
SNHG0,6216P,gold
L4RVV,QA9T9,other
UJ6VL,NZJDU,gold
4SGJZ,4B52S,platinum
7IAK6,P3CPN,silver
8YZ8T,3TSXM,other
3U4ON,ZH4NE,platinum
6AXOR,J1LPC,platinum
YKJ0X,JM9V9,other
1MLSY,JGZMO,other
82LVY,8JODX,other
XA982,7ZCBS,silver
WRFFI,N7TIV,silver
RVIZL,EFZ7K,gold
K3PFW,JJPIH,platinum
M4YDB,OD5ZM,gold
CL397,DBJGY,other
LOJRU,GI1FG,platinum
KGAOR,5RWR4,platinum
0KRSQ,YXWCH,silver
C65GB,YOTGZ,silver
H2C8X,JCYTW,platinum
K5JAM,IYBNO,platinum
N0IW9,XII4V,gold
13EHH,PWGBB,gold
C2PR5,L9DQX,platinum
LH14Y,CHMD9,other
H0SQD,8GCEL,platinum
SU2R2,XV9E8,gold
SFRD6,MAO7O,platinum
AY2NX,QW5S3,silver
BEXD5,QPTSS,other
BEGV7,WLABD,gold
ZWROA,RULC6,other
AXDE0,H2FXX,gold
7LK22,IC674,platinum
E4WQ1,THOFT,other
4U59C,9U4Q8,silver
7X2H8,U43QW,platinum
6GO7Z,EKP5V,silver
UGN5G,74H9D,silver
PHVYP,4TEZZ,other
AWAY8,16FEH,gold
KPBNH,KXLWS,gold
VTFYL,HIBFV,gold
P0VUS,VXJFN,platinum
YH9T4,9LBL7,gold
LU8J6,XG1PB,platinum
5KX7P,D5XEQ,silver
FXVI7,7R4RD,silver
VYMF0,QSS2X,silver
0LDNC,FV59O,platinum
D7WXC,4WM8Y,platinum
6RA4U,S0U6R,platinum
WB64A,VR6OW,silver
NKBLT,A3YY2,silver
L03FZ,KF1M5,platinum
9OUY7,STEUB,platinum
SX3H7,MJDP9,silver
QWNUB,3S4UT,other
W6NKU,GSHVM,other
5VMBD,OQH2R,platinum
YZHGL,3WX3K,silver
KEAY1,OXGE5,platinum
X8AEA,G0ZMH,platinum
G30NN,ME6NS,other
D9LRC,79CF6,gold
3V57S,N53AK,gold
R2XN3,TGZGW,other
F6LAF,2RZAQ,gold
6N9LU,TSC1W,gold
PFVZI,SMIJI,silver
SXABC,HB6HJ,gold
9PGKK,045RD,platinum
4YYJN,X0MBW,silver
F6HLG,DTR93,other
A05K3,4FY20,silver
KEF2V,TGCQG,silver
PPW1D,327KM,other
FK01L,07OKK,other
KGJ1R,AUYX3,gold
546GB,TLFZ2,other
LPZ2O,NT5YH,platinum
ZSUI3,5FTBL,platinum
L9ME8,JGZMO,platinum
5TOIR,DSFUG,other
QY4GF,BU5J7,gold
W9VD1,71TIS,platinum
MABPD,A6E9B,other
YOMBI,60CQW,gold
ZS7EB,SVHQ9,gold
SPJ7U,RYRLP,platinum
IOOVT,Z9TT1,silver
H9YAG,1ICFS,silver
NYKMR,0GJJA,silver
RROV6,6ZAVC,silver
E2BO3,XG7KV,platinum
KX93L,RF400,gold
5S8LR,SUU2G,platinum
M26CC,53UTA,silver
RYZMH,3ZNRZ,gold
KG6E5,9RUBB,other
FRIT8,H6NR8,gold
REKP4,JSDNR,platinum
WBV2O,MKVQ4,other
B9PDP,BWNP9,other
3MNXT,BG6J1,other
2AA6O,VOXMZ,other
AK8DK,MP7WL,silver
E0917,DSQOM,other
E5OJD,5N1UB,silver
FYDZC,OZ28R,other
E1CBQ,PSECM,gold
Z0CGK,S139L,other
E3CZX,GB2DV,gold
MJOR6,BJOXQ,gold
ADUBB,BYVVF,other
HHOOC,PACJ0,gold
UDZST,54GO4,other
BMK8A,3NAUX,other
7UYYB,QIYWU,gold
0ANJC,PMWNT,silver
6ROML,QMGD0,other
WC66J,J5IXK,gold
KIIZ7,U6W9R,other
0LIU0,O2G6U,gold
KHDK0,D9CCM,other
Z54OG,7RGPH,gold
KZYM3,0AX8A,silver
N7DYY,TZKS4,other
U9GY6,3WSNL,gold
JFE1C,SC9P7,platinum
BINSD,VG9L3,silver
SKG2H,GUQ28,platinum
G4XY7,P3RNI,gold
IGGWS,SR7NS,other
QYOYM,TI3XK,gold
GXOM9,SRGUH,platinum
QE9NC,OFNJQ,other
0CCZL,4JYAU,gold
ZPUZ5,DHW8F,silver
974M1,YZFWK,silver
OBRDP,SWX4P,gold
AWABG,YZVS6,other
RRMA6,4RFEL,gold
1LZ2R,FRLAG,gold
YLA7I,LMI12,other
S7RUH,S519U,other
34RQW,G6XY1,silver
W5T6R,W2VY6,platinum
JEQ6H,UY1XI,platinum
N1RRV,EKSU4,other
M66LN,POEEF,silver
DG9B3,IJF4T,silver
3ISTZ,IIPUM,gold
2F3L6,NZW1Q,other
DWU57,67D42,silver
8Q6IU,D1QIO,other
6QKOQ,91PWF,other
48FU8,K3Z3M,platinum
AM9HB,3FESP,silver
94EDJ,TMNI9,other
L0VHV,U50XY,silver
AT4ZQ,KSLDQ,other
FQXDS,VTVGH,gold
8AOOO,76LAT,silver
0CZDU,1FHXR,other
IDIVW,XK5JB,gold
66G6G,CEYPE,platinum
PJ7Y0,IX6E4,platinum
VSR59,KHM5C,gold
WKK1K,SVHQ9,platinum
EVUZT,GQDHJ,platinum
QYBF8,R6UNP,gold
ZI6S0,2BG52,gold
KULV4,QSNPB,other
FFKHG,W721P,gold
ZGGH6,CTCOZ,silver
6LVX9,RUZMY,silver
GAV89,S4QF4,platinum
5GHQS,SNMT1,silver
VBMMK,2A0CU,platinum
VFQ4V,KY86H,platinum
LULKP,C8LVX,platinum
J1ID3,D7O6L,platinum
9YIN9,LTJXN,other
83UNI,1I880,platinum
ERU2W,2X4ZK,silver
GDHPF,5GL41,gold
4XVPF,H3EBW,other
O3NAK,OW0EP,platinum
BM6TL,17TPD,silver
2M9OX,BMX1A,gold
SFESG,35W0D,silver
AB3D4,147HH,gold
9QIUN,AQ5BN,gold
ENQ9T,HFNN6,platinum
8J8K3,6FME6,platinum
0HADM,CV467,silver
C4DMZ,MC5WH,other
F8QCB,99RH5,other
AFI9V,HHK85,platinum
N4EXA,OKSCF,other
23MYO,XNZMA,platinum
HKRCF,A6GK8,platinum
B4M9T,I4C95,other
4T8OZ,RCBHZ,gold
C047B,NBW4Z,silver
O5X0G,KXJIW,gold
K8ZN7,PKR80,platinum
93F45,F416V,silver
A5QGI,8291J,platinum
E43ST,UM9XB,gold
YMCG9,KB771,platinum
POEEF,QIFKY,silver
8YRKF,R1HRI,other
6BANM,PSYCJ,silver
U4NHK,7J74H,platinum
MQHFE,16QOC,gold
MYMHH,TAIMK,gold
ZJGOW,HXX19,silver
8YBEL,NV7EC,other
25GUJ,KCQ1C,gold
6B5WP,ILIDG,gold
NWLW3,HINC2,other
PWELF,9BXR3,other
BUPUP,KKM8N,gold
R49SU,I7YGL,gold
C9MRR,YNSB8,silver
EMAVM,P4G1K,gold
1U5NF,TRTB1,platinum
9RI8N,ZN492,other
5R4I1,KGXWS,other
3CPJ6,L71JQ,other
Z7M6Z,8K2M9,platinum
VKAYK,L9V2I,platinum
R8FS9,W67S7,gold
43QY1,A0XZQ,platinum
O1NSD,JO3QD,gold
XIQKM,6QXTK,silver
V00RL,6DAUK,silver
EHWM5,4R41B,other
MVF9I,T352D,silver
3XACN,D2QH3,other
6NG23,0W9O3,platinum
O2SV3,ENDDF,gold
0HMGG,O0LXE,gold
0KD2B,IAMSY,other
W0UFZ,BMDTN,silver
4V56W,PUJOY,platinum
WRFUN,C0YJ7,platinum
67FRN,PGXKC,gold
D2TMO,ERP4W,silver
3M4G1,FBIMT,silver
SL6IR,NAIIX,silver
F8QE0,X731M,silver
FODFC,CWHEN,silver
321W1,DWP80,platinum
X1CPC,HIZRF,platinum
IINGM,NBJ49,other
NPEOG,I0QQ6,platinum
2CEXL,KE735,silver
19GZG,YTBJN,silver
HUX31,FR1HT,silver
QC36C,KC3FH,platinum
5V44Z,ZSBPW,platinum
3YSXK,W2O28,platinum
ODLRO,PGUTP,other
JCVK0,4OP9Q,platinum
QLQGD,VC80X,platinum
HLXUW,XXUZ0,gold
J4V9P,LQH77,other
0WZVL,ACFJ8,gold
MHMHN,SXPWS,gold
B8Q81,XFD5U,gold
5EG0A,4HAHJ,silver
3KHSM,ZIE9T,other
9EC91,SOYI8,other
OSEYJ,APZ6T,silver
T7KRV,1ZATN,platinum
KWMBY,AA20N,silver
Q0QAB,Z4HME,silver
K5SKW,O8DYQ,silver
FTHRV,HWFH1,platinum
4J6GL,BM3E7,platinum
BWOQ1,ZOXSK,silver
8KMKQ,ZRFPG,platinum
MX47G,9F8SV,platinum
KQVQ0,WNJEA,platinum
XVXF7,GY0E9,other
Z49CD,RQUO5,other
6RONZ,O771C,platinum
9WK7X,B95CA,platinum
ANAF8,MX2N2,gold
F2HV5,CHFWY,other
3U3ZL,TEN54,platinum
PKGG6,Q7TEU,gold
9A0R2,6ZJ2S,platinum
5MJ0V,LO3NA,silver
YOR2K,RLYAQ,other
KPS7M,91H0I,other
3BFAF,MNNYK,platinum
ANWHC,JUYN3,other
JHKFI,ZGMMZ,gold
SUHIR,0ULED,platinum
68WSV,1GNZT,other
3M8HA,NAOSI,platinum
VO9HI,JIZKG,silver
45M4U,S5N9W,gold
P2YN0,II750,gold
JWKHX,4JDUX,gold
UIUS6,CMPV7,platinum
S0A5A,5W9NE,silver
8IYZ1,W55QN,gold
ESAZF,UK78H,gold
8LJPY,L4PLD,silver
T0R04,UY1XI,platinum
6XRU8,UEXL6,other
422GJ,TQXJ6,silver
NOJ7Y,EGT3R,gold
05YG3,I4L8W,silver
F08SW,RB0V5,gold
B4PU2,QCGTB,silver
21H87,J4IVC,platinum
IU1CP,11WU4,other
YOO6B,4IOM2,other
ZM2B5,HZUHR,silver
5KWPI,LGNWF,other
56PJT,WG2TX,gold
UJXH0,0DRAB,gold
GX170,CWOBE,platinum
BRB90,8BUS8,platinum
RUBBU,AEW7U,other
DBO2I,UNNR2,gold
X9N5O,IWOX0,platinum
WC9F2,P5GRT,silver
1QSMK,TG498,silver
42P44,R912K,platinum
0SOTV,PDHIF,gold
S39KF,CEKOZ,other
4N2BL,D5A3B,other
9XW66,K0JY7,platinum
0OOS6,YJ2HT,gold
BAHYU,QEVFO,silver
QDIXQ,7JZB1,platinum
MQT5B,O471G,other
MXHLC,1ND3Q,gold
ND59F,AKM2L,platinum
EKPXK,1Q1S6,silver
Q9MID,4N88L,platinum
8S9QL,BTLOI,gold
ZWD8I,KS4UU,silver
KIP1Z,DE5NM,gold
KEV4C,GAVEY,silver
Z1HSC,QW9NQ,platinum
52PH7,II56A,platinum
8PL63,2YNBM,other
9G0BB,RU8L8,gold
W0RNX,9E0GT,silver
MTBOK,0WZ23,platinum
4NPJE,WQKKO,silver
FJ5KJ,KNMHS,other
6FWZI,0YHDE,silver
ACRDB,Z2N7M,gold
RA58A,1781O,silver
7CBG0,IO7DH,platinum
VPF9R,BRC6O,platinum
GE8ZS,LR1CW,other
AZFS0,3ZUI3,platinum
XKLSI,PCTT5,silver
C4EYZ,LK62L,gold
69LA7,5980E,gold
6K1V5,ZART8,gold
A3FNT,T9D8D,platinum
LLUIU,CWVT6,platinum
JSME7,IPKWV,platinum
8GU78,1EIHU,silver
1RH32,V34JF,other
VVIZH,UQRBM,silver
5F1WB,KSJYC,gold
EH2QX,H9THU,silver
UQHHV,QZU3V,silver
CSR0J,0UQ1W,silver
78XBW,7XGNJ,other
QBPXV,G8W64,gold
5NA0Q,N6693,silver
P97FG,HKYKY,gold
46YCO,4TB3U,platinum
7LC9V,6UPG9,silver
V3A6S,Z85FL,other
7VXY8,VV7PT,other
2ES41,NH2J4,gold
1L57O,ZQCVT,gold
OZ384,D42NK,platinum
EYFQ7,FPS6O,other
4R9MC,JC2RH,other
73PZT,BGIZ9,platinum
EV30C,7P27B,other
MZW4R,AQ5XA,platinum
IEHW5,6CECR,silver
FN30C,Q6BRQ,platinum
RTR99,B1WSU,platinum
TDFWK,DBOWD,platinum
GT77J,ZG90B,other
6U2S6,GL6X6,silver
ETH5D,08QJP,platinum
LLC6R,QJ9A3,gold
E3OWZ,1R9PB,other
I5OF7,JRI1D,other
MP7MW,L6OFL,platinum
72TC8,TLO0G,gold
4JAOY,VGVF8,other
BELCK,BADTV,gold
QZGXF,CTRTQ,other
KUBCP,K6LLC,silver
VZGST,44W7D,gold
SPDE8,78ETI,silver
IJ6U4,91EHE,other
XI6N7,9SZGJ,platinum
80EDB,A4NV9,other
RIRXU,LR1CW,other
NBQTL,8ETS8,platinum
38XN1,4UBFY,silver
TPPRZ,QY4TX,other
Y0WXF,JK27P,silver
QJAK6,HXAHR,silver
1NWBN,B8LZY,gold
LYZ6L,F4D56,gold
NFYO2,OIUC2,silver
P68IX,2P0XK,other
N9R01,RWSC7,other
RZ365,RTM7H,other
2VZY5,7538U,platinum
MGWI1,8PPHV,platinum
6N8D1,MFORO,other
CBIZI,CSX6H,other
EAWIU,196SK,silver
NQCU8,KH4M7,silver
NJN3W,23NVZ,other
IJG9B,ANXVB,silver
QROX8,HCI0V,other
7X9VL,9FMBF,silver
JI12Z,BR51U,silver
995M1,897MX,platinum
ZHEWU,URS2V,other
XUCMB,N95A9,platinum
YU5MK,MJJGA,other
CEGBD,FUFUY,gold
R7ZGV,6PRYV,platinum
ND8K7,H3O1O,silver
RGUV6,SZXPO,gold
01X8C,A0D5X,other
FM0JP,7HH8R,other
WDX3G,6133T,platinum
JNWCA,IM0BT,platinum
DEZWR,OH4VG,gold
SOVHT,S519U,platinum
NG8O0,TWIK7,silver
IZUGD,DG8FT,gold
RY9K9,FF24X,platinum
65NI8,7KQD7,other
T739U,QBKZF,other
GCBVD,EGFV5,silver
T2ROV,0WE3H,silver
2QW6Y,276G6,silver
T1VFH,01FY0,platinum
YLABQ,0WAJU,other
4OYAQ,AH464,other
07FD3,UJR6J,platinum
OFLRE,AL5QS,gold
E1I0W,E40A3,gold
J6PK0,DZE3J,other
JB6GB,NXNWJ,platinum
0B1M7,8E6QR,platinum
A56O9,BTHO1,silver
4HF2N,T2WSE,other
ER4ZQ,A7JPZ,silver
3OOHF,LWUBS,other
M8RHL,7KRXT,gold
W0CSA,KN2AH,gold
R3CPF,W5MNX,platinum
4WNTZ,T9PYN,gold
5JEEF,CRV3E,silver
WO5FP,FHH8T,platinum
EOIS3,TCKYI,other
7S0TF,ZBW6V,platinum
3MT40,LZW2V,gold
0IU24,1RC7O,silver
FID1R,07ZA5,platinum
NO4YQ,UWQLE,gold
LUVKX,QX34P,other
RXSS8,E7MQ8,gold
DKR87,VBEFT,gold
RZBJD,1VH69,gold
THPMK,4AONS,silver
JT55H,U4BJK,gold
LJF7P,EKH68,other
OP9Q8,WJVRC,platinum
9QFV4,V2IK3,gold
2XZCW,PLLIM,platinum
JVQGM,P9UR8,other
07WMM,C2IKT,other
T6L7A,XE13R,other
OVGTK,LQMYQ,other
IEH2P,B1Q3X,gold
BSEGF,A3YW7,other
KXTMJ,IP4GF,platinum
PNHKI,EYVQW,gold
9TLBJ,HKOCU,gold
6WTV8,YG3TD,other
87EAN,6PRY2,other
I941Q,F0SSV,platinum
LD9JE,VXHPA,gold
UTNLM,R66RN,other
ZHX7Z,ZA0MC,silver
KMJ7I,V7T2S,platinum
UIMSD,DF2W8,platinum
U3CRY,GMTTO,other
1YT0A,DTR93,platinum
OE6FD,CCJ7U,gold
PIWSP,UGITQ,silver
3YE69,FQT9S,other
M4RH1,L0AT8,gold
6232X,L04GR,platinum
RY4BY,2CFL5,other
NB1C5,H8HT2,other
XB5P6,CI2F8,gold
X89PH,IZ0VC,other
916GA,ZK93L,silver
RJVHK,UTTOV,other
NT5X9,9YUQZ,gold
LAYA5,VNJMH,silver
CRJ0J,3VUOS,gold
TUD6N,RSOS8,platinum
XMYF1,TPTJW,gold
H9LIJ,XVTB4,other
1YWN5,3W5TH,platinum
LR7IP,UFN5R,silver
8QSJJ,A7B86,gold
PHNER,21M2J,silver
R851O,XR5EO,other
EHKSC,9OHXY,silver
DMBK7,CT20Q,gold
WIXET,PT4H8,platinum
ZH68R,KVYZZ,other
N8Q0L,YEY2U,platinum
JIHFA,9TMLV,platinum
2UGXM,HRNR4,platinum
20NC3,AWZRZ,silver
5DZ0I,92TFM,platinum
DK2J5,R9LWL,other
225RT,NYG9R,gold
98JZ8,1I880,gold
ERI7I,01BO0,other
NTM2T,YZFWK,platinum
5PHGI,3KMKD,silver
7BKQJ,CFGAT,gold
UHS04,AD3QH,silver
14IFY,2FDCS,platinum
XTRXM,1YXFT,platinum
L5DHY,EC3J7,other
GMGQI,A02AM,other
K7LIP,I7MY5,other
QKOOC,L30RH,other
RUM7Y,LFTY5,gold
OCYY1,5TFU5,gold
2B3BB,NG4P9,gold
FRJ8T,N3YCL,gold
ZDIUY,82NM5,other
PDRNO,N6Y1Y,other
O94QN,9KEDJ,platinum
231KS,P7GNH,silver
664HG,6BI4A,platinum
VF8XI,KMFU9,silver
YY4CF,VHKRC,platinum
5G69J,LYA5C,other
E6NH6,MROUD,gold
T4VAS,OJ4UC,silver
PY995,3MN61,other
ATR5X,H7CXM,platinum
4RCF1,1NR0D,other
1RRR7,FO07R,gold
QFKLL,6DMN1,silver
760VP,VNVCW,silver
0WGDZ,YR9IC,platinum
RDLZT,4ROWG,platinum
E9NCC,L6KPB,gold
Z2755,3HTC7,other
231N7,QA2OK,other
YRDQF,1W580,silver
R1INR,U9K5D,other
0S665,RLD53,silver
NVFB5,8XQM0,gold
75TQK,WD6W4,platinum
DUYQ9,A8E1X,platinum
GLF69,U9LH3,other
J4OCS,43WSS,gold
6WHOE,J4PNO,other
VOB0U,7DWR4,platinum
5X2YO,GIJNW,platinum
N3ENH,L4HGB,platinum
TR7MN,O138G,platinum
20GLH,MT6Z2,gold
6CXF6,1L4VF,other
ZFKY4,65J4R,platinum
G8FKE,9AETY,gold
38YQ9,BOJ7L,other
QCH30,JSGI7,gold
J3XTH,TYOX3,silver
U5A4N,YC1AW,platinum
D1TOD,6JEDO,platinum
JUQ41,6S907,silver
FDB1G,05T1K,other
WKPKJ,IFEOM,gold
JPW44,MV8RY,platinum
0XNHR,OKA2Q,other
KGS3K,AIQJS,platinum
6YG3L,M4H1S,other
FIKH9,FUIPK,platinum
YFV78,1W7LL,gold
01JMW,TABM6,other
4.90E+20,I4PMP,gold
ZZP1R,CR21Q,other
B9VWS,A3NKK,silver
SFND3,C6AJ6,platinum
CG1HQ,RO6ZX,silver
UU8XA,AA41I,silver
OLIA7,VFW82,other
FBJFA,61DR7,other
7Z369,3X4LN,gold
IEONY,H6Q9V,silver
6NJYZ,276G6,other
NUT22,59VPP,silver
M5XNK,3ENBZ,silver
BB5G5,RTZXP,platinum
GX02E,YS7K0,other
F7LWM,ZHNQD,gold
THJKW,06DXB,other
IVDK1,GMBNE,silver
TJE98,RXHU7,silver
4QH2W,YCDVQ,other
B8014,URWH5,platinum
XGBLH,UF2VN,platinum
MMCCY,YL8IR,other
0K69A,NN99C,gold
3MC9B,P11QZ,platinum
ECPVJ,H1MJD,silver
QSJMP,C96NR,platinum
7ND4W,X724U,other
QUF08,8SXW9,platinum
3FE4X,NA7OM,silver
64LZ3,76KQY,platinum
OSHW9,J4142,platinum
ZVPT7,UVJB2,platinum
A6VKI,BIH0E,gold
WCSA1,SXPWS,silver
DA9UD,DJOFF,gold
G9IM4,ZIWAI,platinum
0B836,F42D4,gold
0RVM6,YHBN5,platinum
Q9277,5RP36,silver
L8G9H,Q6S50,other
140UB,YQOHG,silver
SXZV3,JU8DL,platinum
XJVH2,8JQOY,silver
SG8ES,JXY8R,other
B15LD,W5F96,silver
1O5YC,BJ697,platinum
N3CC8,07OKK,other
RQHHB,UDH4E,silver
Z93AR,DKKMI,platinum
KD4EO,WV94C,other
X2ZGX,YLA7I,gold
XM7Y5,7UPJJ,other
PJ1DZ,DZ31Q,silver
8LNXG,WZFBO,silver
TCM0D,N4SUN,other
35TNT,MPIAB,gold
NN4T7,H5Y1H,platinum
C5JDN,CU9YS,other
U57VS,1Z6JT,silver
JQAKR,3RM9X,silver
JVY7T,VKWSS,other
RQSJF,OXOEB,gold
UWS65,10VC6,platinum
QBLBV,A043H,other
3THZK,G57JV,silver
9EU4G,CV467,gold
WL65C,5PYO4,silver
GLAAA,TFO7G,silver
XB62S,PYGFN,other
B5A69,CL8KI,other
JLNQ7,XK15G,platinum
FXR6U,I0BII,silver
TLQ8I,HWA18,silver
L4HJ6,QNSC4,platinum
G7ZYX,KK8F4,other
I080C,ZX8TZ,platinum
XSV3B,CX7X2,gold
07MV1,80Q0Q,silver
UZAZ9,PHGIR,silver
0ULED,UDVEB,gold
V9VZK,S7EBB,silver
VU0SH,T3EAG,silver
NNU66,XUOQN,silver
5MBH6,Q7LRF,silver
Z0WD7,40MFQ,platinum
SIJCZ,5JTDK,other
A7UD9,FCTJ0,platinum
SN7GB,ENFF8,other
XOJSA,L0MPT,silver
HGD9M,O0B6O,platinum
K5E0O,TREMP,other
RO6NT,NTDCM,platinum
5T6GT,KEIVV,platinum
6RLD3,PROFG,silver
AH464,YC3WI,gold
LYXAZ,97MPY,gold
BCLEC,RCISL,other
RDIDK,9L6Y7,gold
0RYRD,OCRZE,gold
806KP,EC912,silver
X6WBZ,C18NM,other
I39XM,IV5AL,silver
1V596,PT21L,silver
E9NKU,P92DM,silver
2RA34,R4AQ6,gold
5IYR3,31CW1,gold
UDN3P,H7D5V,silver
YC4UE,9EGOQ,gold
0CRNR,T1TKT,other
RPJ47,1QGU1,platinum
HQANN,7HOK9,platinum
JIC4R,S2GYU,silver
0MMHH,YCIGI,silver
KYKD8,0BY8G,platinum
96QPT,KRW2B,other
RDLA4,610KF,gold
9YKOB,0L5MO,other
2LVAD,Y77KF,other
Y96IV,PP7IF,platinum
GWGV5,17T1F,platinum
ZZYOG,XQP6J,silver
B9EOV,V750Q,platinum
T76UG,KZYKC,other
IZKG1,L1NKD,platinum
EV1SU,MWHPD,silver
83AAW,PA4QZ,gold
CIKTN,PWB53,silver
UP3GH,ESPUE,platinum
LRYBE,H0W12,gold
D2CBG,C4WZ9,silver
WNEZ1,4B49P,silver
ZPBFQ,RUN1R,gold
WXJQI,QXUFV,other
31QC2,9UYJN,silver
31G9C,BMX1A,gold
9WS9Y,LFTY5,other
P34EP,QUTVA,other
1WSUI,BVXSW,platinum
UKBQA,NGNDE,other
61WDS,EIBS0,silver
7HJ4C,23ANT,platinum
9BOXV,6D2JW,other
RXKDW,FSBWT,silver
JJOPJ,Q1MSF,gold
SPT5E,3FYUV,gold
80ERD,6G928,silver
I0DM8,5WXE4,other
G7QA4,DNJA4,silver
N7040,UT4ZU,platinum
GH6RV,RIQN6,other
603JC,OIZSU,platinum
U9IC4,6XGS3,gold
O64YK,RS0AU,other
FC220,DEJ7Z,silver
JJYG9,17PIH,platinum
AB8I5,XEHU2,silver
B74KL,C6XFV,other
G7T10,HDRV1,silver
NQ5BK,LTJXN,platinum
65R5M,7P2UK,platinum
SBZPI,S0B27,platinum
ZBYUG,AXVVV,silver
007V5,B84I1,silver
P81NK,R6JKG,other
YMRUI,DG8KZ,platinum
G6E7W,57VM3,platinum
N950Q,9AND1,gold
OQO8E,91EHE,other
QGM7W,3GPKJ,gold
LD1O4,VRECO,gold
CGOGN,MYKNI,silver
I4CEI,RYEJM,platinum
K53I4,42JI4,silver
ELO1D,AEJ3P,silver
JNOQP,RJN1V,other
KIQLX,SLGWH,platinum
3TTU6,FT2JA,other
UHKLP,WVX20,gold
OWL8F,PUU71,silver
VVCLE,QIL4P,other
QVFKC,EX595,other
4LOD5,WIUJ4,platinum
JFATM,IX6P3,silver
VXYUR,OT7KI,silver
1UYCK,P7DXM,gold
TLPQE,R636K,gold
EMJSU,S0RP1,silver
TPDQ9,XFNKK,gold
ERGO7,E0SO8,silver
FLV5V,SPDE8,silver
Z2G06,6MEEZ,other
WBQEJ,64U58,other
RPC3R,G82UL,platinum
6U62L,DARQ1,other
HR1L3,0RIK3,other
YUOIR,0TZUP,other
H4I5B,OID8L,silver
CWJLI,GLYAK,gold
9XRLT,1M8JK,gold
KW2RC,RUVID,gold
5RDZM,20JRI,silver
3KKO2,COJVH,platinum
MF8CO,M2FAP,gold
OI9T6,TUVNQ,platinum
LPTTC,F0NTT,silver
OIAII,M1Q54,gold
9W16X,VVFC5,other
XO3XT,VOYBV,platinum
VKYC0,FEA30,silver
DX5LA,AOJR3,platinum
5G8KY,AAAVU,other
EFE9S,G25WT,other
SD7IH,Q82Q9,gold
HVFJW,9XKBX,platinum
GHFDL,R0WUW,platinum
S4K0L,X3O4G,silver
LD0UK,UPRM1,other
C4HFM,AQDIG,silver
1BKK3,M9Q2L,other
HESQS,I6CPJ,silver
TCSWW,NTH6Y,platinum
FX17W,ULFV3,platinum
NH44J,6SCTF,other
UJ872,SVMX2,silver
62ZSE,6NE9K,platinum
Z3JI6,YS4YO,gold
KC5HX,P5KSZ,gold
XIF50,YNLMD,gold
70RGW,ADZWR,gold
5TLTG,LZI0P,other
C50OY,YEGVE,silver
CYRIT,8S2NG,silver
073W6,R8Y1A,other
WLVJ0,KPH7K,gold
RCKRI,EP9G5,other
8L0UG,EC6R4,platinum
HQ6NM,HZY77,gold
WMWYR,TK5LF,silver
YOZPI,WDFYE,other
3VYCQ,X3PT8,silver
7E0S9,WI4QM,other
WWK2T,OMIGS,gold
VRZ7P,P69NU,other
8G1PQ,O3H9Y,gold
0VG7Y,ORQLC,silver
V3V3M,Q4VDG,platinum
A94ZR,UJPDH,silver
TBD7X,TB7MV,other
LKX7E,NRZ97,silver
2BY31,TA98F,silver
XHYMS,0IMJU,silver
D5ASJ,9FMBF,other
OTLDB,SC1QX,other
L38IC,5UII6,other
UEV9M,VFKLZ,gold
AUCSF,3F9TL,silver
FCH02,ABDAO,platinum
NS7N1,D4UOM,other
I4HZY,44T8U,other
RGQJP,5U8QH,platinum
T7J75,55BUX,other
BO2OI,R2B8M,platinum
13Q3J,HY8GL,silver
YCVII,NL6K0,gold
AGXZ2,6G1TQ,platinum
L4B2Q,TX5SJ,platinum
BBNOF,8W6LP,gold
J72JM,W1BXE,silver
KCJUZ,YZ4FM,silver
J6KAY,RDHCK,other
KNZM9,3P37K,other
ZDRQ9,1LM97,gold
3KCNN,JT7JX,platinum
RUTOC,ABCAG,other
Y3TOX,BJ697,silver
25UEK,QNWWM,platinum
VWLUY,TCKYI,platinum
O81KU,3NUCI,other
28W5L,WIX3U,platinum
NUQQX,K3KR7,gold
AP55D,ZNU5M,gold
IG94G,2HRYS,platinum
4M2LF,R9HZ5,platinum
W9EKN,0OXQB,platinum
PRBZA,U1ZSH,other
F3XF8,ODWV9,other
QAVNP,YZF44,other
SBTS3,ZT4V0,platinum
CFN5L,VLUQR,gold
T7BRT,9D537,silver
828VZ,88OL6,platinum
LN04G,VOU0Q,platinum
C4R3W,DNXAG,gold
48GK5,XBDQ1,platinum
9LHPF,25MF2,silver
XCZ1R,QJANL,other
DJU6H,TATTA,silver
SU2JO,M1RI7,silver
S3RBF,VWAPL,other
F0NTT,HVYMM,platinum
LVE4U,QKWZB,gold
MK3DW,LM2FF,other
PFW3M,CEX9Q,silver
3CKXR,978PI,silver
BBCAY,D8Y7I,platinum
RUY45,DMRC3,platinum
GVOA8,4OCSD,gold
4I4EA,VCBZD,platinum
UANW6,UR4H6,gold
TLAG0,JGRUB,silver
8DQKC,DHRDF,silver
QO8UG,J0RLJ,silver
CFH17,RJN1V,gold
5KOCH,JBI9O,platinum
0IMJU,G75D4,gold
G3UZV,DI9MA,other
XPKP5,J5W8A,gold
1FBU0,F82A8,silver
2PLT9,29ZGA,gold
4PPQ4,20K0I,gold
U7170,CYKJ0,other
PHXDC,ZZS73,other
G2T09,9HWOZ,silver
4TCBL,3KMKD,other
PVQAR,YZG2A,other
PZJIJ,QK4GT,gold
3SC7Q,MB43W,other
E7PZQ,3X4LN,platinum
G9K1E,6S4YU,platinum
5HLBH,HIBFV,platinum
9XIY9,A884E,silver
HR7GB,HPTEO,gold
IY749,TZFJZ,other
LZQN8,V2XB0,gold
P29GP,CEOIC,other
7OBRT,KDGIQ,gold
K3J93,AV6BW,silver
P8KP2,II66G,other
LJDON,UZGQE,gold
F5DE2,U1MPE,silver
9JBCX,DZ0XF,gold
L59WR,HSHGF,platinum
WJX31,BE3B0,silver
GVEPA,QX676,platinum
Y21X4,518WM,silver
GDR5L,HLKKF,silver
NJYLL,9SMV6,gold
PXIUN,8SI4V,other
KNILC,TH1UH,platinum
F1OL4,6JAAH,platinum
AS010,HXFPX,platinum
78AD3,DAO0F,silver
G9F4I,0AIAC,platinum
F36KU,ALP68,other
JOHSL,N48HZ,platinum
OLEL3,7T4ME,silver
GOQ1A,YPZDA,gold
Q7VJP,0425T,silver
JMAHB,TZN76,other
GG7X6,W5MNX,gold
VUB7L,9P1PN,gold
4KHUR,L6KJR,silver
65A2G,CWOBE,silver
G608S,FTUGA,platinum
WH6HL,XV3QE,platinum
54K0S,BLWZY,platinum
SJMF9,TL33P,silver
YXVD0,V6NN8,silver
X7NTZ,O061O,platinum
WL0IV,LFAYI,other
MKF9W,MKGP8,silver
J4720,1IAYF,gold
D9PPU,KHEPJ,platinum
5U3JI,ZVVTC,gold
OOZ9I,XTPS4,silver
ZWCIN,B0ZGN,silver
7MFED,MOIYX,gold
HMNJC,0R25W,silver
8RMV0,A34BI,platinum
R5LI6,N3SJZ,other
6GD6V,G0FYV,silver
GIA7W,5C7SX,other
K2PYL,VM62D,platinum
SWP6A,X5XLS,gold
XZNIM,UNCZI,other
FQD0J,ONXIY,other
11KWX,W5DBR,silver
Z63RM,VJCU1,gold
8L6QK,ZV96V,gold
T65TY,ASSXS,other
XVZTV,DJ4L0,gold
J261C,BVIS4,platinum
LZV2T,KMF18,gold
LQHEO,AB8I5,gold
CQ92T,F5DP1,silver
VRNCJ,OO7AU,silver
1KXB2,4KHUR,platinum
YHWKW,CRGE1,gold
6G5LI,YOTF6,silver
X7OE9,HLJIH,platinum
T2WGS,DNQ6X,silver
THRDS,HI6LQ,other
M8M8V,PWAEF,silver
7WN7N,XANZT,silver
XMLQB,W1G69,platinum
VJGJS,RTZXP,gold
8OVWK,TK8L8,silver
HWDWP,Y2KGG,other
CGN23,6XUMM,silver
AMFD2,2WIBF,other
8IUIC,FGHI7,gold
ODS32,TJQOV,platinum
H73UN,IC674,gold
63DGG,1BO43,platinum
SSPZR,X4MWD,other
MLKMA,ORE33,silver
L3HFM,67OA1,other
GKRON,ZULPT,other
ZTYM3,01HJM,gold
W5PXA,MXG2J,other
9RRGD,W2VOB,other
TXGFV,CSB5R,gold
SQDQC,1AA2C,gold
JWL4T,Y9KUM,gold
ZGV3E,XFCDR,platinum
CIB26,0QHP8,platinum
J9BTR,LY430,gold
XICO1,LZVVL,gold
S23H5,PQHZ6,other
F1VBA,CY0HK,other
72SXR,G1TIF,other
YOGIZ,HMQHC,gold
ZKHFH,R3HOK,platinum
TYCVU,E3GSE,gold
UYWMI,9JTUO,platinum
1YVJJ,J52AU,other
8WR6B,3JCQV,platinum
AL0ZF,E2KKR,other
KPIZC,AMS8H,silver
OP838,N13VP,platinum
B6CDN,DZ4LF,silver
ON9IB,UDN3P,gold
YXTSW,A27OA,gold
PFX1G,SOODT,silver
IKMAR,RLMFM,gold
IMDKM,E0FR3,platinum
MW7UM,YKDHX,gold
IH8GH,564A0,other
87HJ9,99N5H,silver
OJ1C4,X6QZ8,platinum
0KD9H,UNHIT,other
3TDBP,IHDQS,platinum
1BFBF,PRKTP,platinum
JU7RT,ZICO6,other
UWIUV,KXJIW,gold
JI9BL,DY2YC,gold
8VBMU,2PAL6,gold
28W85,O3ZN5,other
SMF4Q,PCJ9R,gold
6EBY3,8TDSR,platinum
H7BKR,HJ2KC,platinum
UAO12,01FY0,other
9NGJW,R27AN,silver
50UF2,62TGP,gold
JCEVH,BK7L2,silver
S9L79,8J5CL,platinum
M7DPA,11QFF,gold
LHEFM,7P9R1,platinum
4ZSJC,0HT6P,silver
W01TR,5KTHF,other
MAQQY,1J5N2,silver
B8Q2S,MOEMV,silver
BIBDR,PV3U0,other
07CO3,3SQQT,gold
YR8F8,43LX4,platinum
I0HRX,TJEI1,platinum
8MN02,P5KSZ,other
O8WYC,1ZMQH,platinum
6NYB7,UQQIO,other
QFLR8,UNBIO,gold
46NUM,J7SCA,other
JU93D,DB00L,platinum
Y2MC7,VZVZN,platinum
UJWRL,ITY0F,other
YOKFC,GJD91,other
7E5UF,7Q3SH,gold
7HH4P,GGVA0,gold
H3NJ5,MQQVX,silver
135MH,YFP4S,platinum
UXL6W,PWAD9,silver
I5CBX,NB5EY,platinum
QXUCZ,NQCU8,other
EHCA6,60NKZ,gold
ZLD45,NPEC1,other
1XNBD,O38J9,other
OQD51,IVZSP,gold
2RC4O,UNKPK,silver
MZYJY,5R6BR,gold
HGJCL,TSC1W,other
5WFRX,JY36T,other
XBTXB,UYDNG,silver
2Z1E7,YJOSM,platinum
Q82KD,77JDY,other
JKZFU,FU76E,other
UA4HO,W9K96,platinum
GQIKI,AVUUC,silver
9U6E5,NA6UB,silver
2C8U3,UF789,other
8BOO4,GOBQL,silver
I729Q,LAHCE,silver
FYO1K,77JTI,other
JGXIB,9BKTO,gold
SE2MS,XVC1J,other
Z626S,YR9IC,silver
9YBC7,70RGW,silver
4BHQC,5DHY3,silver
MM55Q,TL3HF,platinum
WWR9O,DUBDY,other
4E4BU,LO1Z9,silver
CXFK8,HX2G9,gold
UT22I,JO2LS,silver
UBNE9,QOYDI,silver
W0XA9,1QOZT,other
SXR5E,4WA9Z,platinum
W866J,GNMYE,gold
EDOWS,5DN5Q,platinum
A2E6V,MFJHF,platinum
AAIXU,9W9VI,other
VAMUK,7WPPD,other
ND3EQ,ZIRCK,other
L26UW,GR5XS,other
O289O,D73A7,silver
R1CKC,BLZLD,gold
9YOED,GIFO0,platinum
7BLST,5ZOKU,other
XET1M,X4SF8,gold
US4SQ,FELTH,other
4EG43,CKID2,other
Y9PVA,B92EA,silver
4CULE,W5L17,platinum
AV5Z6,RVB6G,other
Z60HW,63URO,gold
NV7EC,XNVJ3,gold
KD628,JPL75,gold
7FC6N,UGQFT,platinum
MAVNP,W5A3N,other
VWFUL,XVPYJ,silver
33CSZ,AYPZC,gold
7HH7E,LXN8C,silver
QVT8S,7FZ85,silver
EMKRO,YR8F8,silver
LLCQX,AR8E8,platinum
QRL9S,ISAQS,gold
D1V1S,8FYI2,gold
KYEXI,ZGXFX,platinum
R89CH,P3LCR,gold
1LTPT,AVY0Y,other
NDTA1,LXSA8,other
A8PLW,T9D8D,other
KYK2F,2XWI9,gold
3PK8J,W1660,platinum
OV2JZ,ACV5K,gold
Q0ZLY,LHYK7,other
K5BJQ,CY6Y6,silver
MM7J3,O0M6V,platinum
GZ2DG,GFUMB,platinum
43ZUK,B80M9,platinum
HOVZF,THU86,gold
G2W79,FMAQR,gold
IL4KS,5K743,gold
JERY7,E4KM4,silver
6Y4MW,OJH4H,platinum
CMA5Q,1ZYH6,other
K1DFN,Q36IC,platinum
3X48W,SP00H,silver
4T71X,MIQM6,silver
EQCCD,NOF67,other
YETSV,RBQIW,gold
1Q6HU,OSQNL,platinum
BBVOH,E8LHO,silver
LM6GP,4W5AK,silver
Z7JAS,CPWFJ,silver
ELW3Y,X4MWD,gold
P2XG3,83TCU,other
87OLP,FHOIY,other
EUATX,KTJZ4,gold
9KADE,YSRFE,gold
N2JKY,RZKY2,gold
QH7XD,A5KSA,gold
9AQYO,VI56W,platinum
HWBJR,2XN2Z,gold
M2XZ9,N0DPL,other
YWQ8M,ZZOCN,other
WRTXP,WEE6F,silver
ZXZQI,RZ5HM,gold
ZDCPZ,EOBKG,silver
SN0VQ,CW8N2,other
SW7Z2,7B7IV,silver
MQ5F3,UX3W6,platinum
VVJB6,SE9BS,gold
TRTQQ,A6QTQ,other
O929F,168WM,silver
NMMVR,47PBO,silver
MGZ4N,IWQC1,other
09NWC,NTRGP,gold
G2RKY,1W4OJ,platinum
8453O,Z6VDD,other
9KI8C,OJI4X,silver
J9N5G,TASKW,silver
R1W5U,T53L6,platinum
Z0QXL,DFOCE,gold
51EID,IKDP3,platinum
MI6A1,5GISC,gold
610II,KRXYV,gold
OYT6S,WJ5PN,other
IVJG4,Z7NJP,gold
L2UJI,2ZSSF,gold
WGHBR,3T1HX,gold
VIWDB,A1XY8,gold
55ZJI,PYGY9,other
NTR28,98XKP,platinum
BE7L4,D9JEH,other
7GWUV,JPMCQ,other
JVGEU,ITC42,gold
S52N9,1KPIU,gold
UK8KB,LMXBI,silver
BJBVO,TQBFW,other
X19I2,WD7WA,platinum
HDRZ3,L7TGG,other
6AJ1Z,ZVR5Z,silver
FW3F4,Y3N1C,gold
BD9HP,ZUKPT,platinum
21AGN,H9DQU,gold
84FYU,VENW5,platinum
75N9P,ZYHQK,gold
SXRJ0,DGNF5,other
D6GVO,4LCAQ,gold
HHIPS,GS3YH,silver
2VXOF,UGN5G,silver
UTVAD,7L80Q,silver
33SSG,QPZG2,silver
UNBAW,TL0NY,silver
RXIRJ,K4I57,platinum
ELUVZ,7VBGQ,silver
CHYV2,VHELJ,platinum
D1RXA,I5RIG,silver
1YVJ1,VFVUN,other
BLYA4,H0OLZ,other
UOFYS,BM3E7,platinum
NKXF7,QEWZZ,gold
O4Z7B,9GRUK,silver
8YH1S,MSLQP,gold
8EA3R,GOMSF,silver
DSARB,5PELH,other
H5FWP,OPVHO,platinum
1W8R0,O7LY0,platinum
UJX2E,LLM1D,silver
8RB1K,H0GV3,platinum
OF3PY,4Z87B,other
2OYPQ,URWH5,other
Q6A2K,WVXME,platinum
SHNW8,TUE1V,silver
1AYLH,FPMGH,silver
8TY2V,2KXP4,gold
HHSYO,ZY9RE,silver
KT555,E5TLF,other
DUU15,5OO3P,gold
8VV8A,C45KV,gold
JFZRL,89K5F,other
3PNLB,AUINM,gold
4A5HS,NX1KF,gold
4A1S5,7HMIA,platinum
I88M5,46HHW,platinum
HERSN,FK2UR,silver
Z9TT1,G68DR,silver
IH41U,TJGTT,other
3B13U,Q8J30,gold
FHA5U,X3LHT,platinum
4QRBF,R96SU,other
1SQK4,ZBYYU,platinum
XPM1F,UXQ69,gold
LTHZQ,I7DTD,platinum
AWXPP,LO7SA,silver
JJRSQ,PWT57,silver
FZIV0,YJEBI,platinum
WYEAG,P8XBQ,other
7I4QZ,8XAHD,other
PUUIW,FGV1V,gold
D566I,JMZEX,silver
Q4S3H,4UVPA,gold
NQ273,ZRC8K,silver
ZRBEC,W03OM,silver
6QZ3W,JCSMX,silver
MPGLE,HP259,gold
NGGSP,CHZUB,other
29XRR,Q7TEU,silver
B0WUA,PCTT5,gold
GTRNT,9G4LA,platinum
PDJJ0,6GUIW,gold
3WQYV,63AUE,silver
NW8ZP,A4NV9,platinum
8IE5P,MA64O,gold
IQA8W,Y8W94,gold
GBJ5U,A19XQ,other
X1RC5,LBYQP,silver
4UCTZ,AOJDH,other
UQ9GL,62P37,other
BMS5N,4IBZ1,platinum
0AA4X,5R4I1,gold
ZV4AL,E6FLL,platinum
Y9DXU,V3N5P,silver
GGRA7,EHME0,other
ZN60K,DVWDE,other
ZSQQC,6WB7Z,other
YLYYO,99N5H,gold
BR5MH,CR21Q,platinum
CQCGT,LQW6M,gold
NUOMU,LPQEA,gold
ARIKY,Y9K0O,gold
9Y0CP,QIFJB,platinum
8XZZE,2V7W9,silver
B8ZXQ,BHCJY,gold
4TAQ6,KT9SA,gold
1S2XF,1XJKL,platinum
SBWTY,TWRKK,other
C2QHG,85TQL,platinum
6Y1Y8,ZWILZ,gold
I5K2I,I6L3Z,silver
MTKNX,PA0LB,silver
36BK4,21N2P,platinum
YLBIN,3Y5VR,gold
WE5QX,ILX7C,gold
LAU68,MTBL8,gold
HEUBD,T3LBZ,other
JX22W,2Y97I,other
VW72L,GRFG9,other
7OAD1,WASXQ,gold
5OW2A,IROSS,platinum
VWU43,30ANU,platinum
994ZE,EPOSZ,gold
RMTEX,DARQ1,silver
IVIFT,2P8EP,platinum
JOSPD,X9CLC,gold
ZA3HO,ZHUAD,gold
B8M6Y,WIA9H,platinum
ZN492,GHBRA,gold
98YSO,K66A1,silver
R1VRC,JPMCQ,other
NMG6Z,P8ENU,platinum
C1JDQ,PKJPZ,gold
PFANI,HXFPX,silver
TSLCK,G8JAV,other
8YIMG,6XTEZ,other
VGJIW,30QV1,platinum
T9XKB,3C0M7,silver
PIF80,K8J6O,platinum
8SZF3,5KRPW,gold
KWUFT,T6CZ1,other
3N4OD,2RY1O,silver
GAOK6,TL2N5,silver
EINDR,7KRXT,silver
4ZB9N,ZAS9T,gold
DR5C0,2P8EP,platinum
BA9CM,M4FHX,gold
QTYRU,6EPJN,silver
3PAFX,51FKT,other
1UZVF,9P9LY,gold
WIF6B,NSKH8,silver
NX7DY,ODIZH,gold
NT6CF,BSACM,gold
QHLC2,OOU7I,silver
YLN96,VKKP8,other
4U0G0,6JI8O,other
DUUU8,H2FXX,other
STA5T,0R25W,silver
BLDBC,DXRY2,other
D2B3D,IFFX8,platinum
PI7Y1,H2QBI,silver
5LRD7,79BEM,gold
LPMIV,2FO4K,silver
0YI0B,NPUHK,platinum
JHP9H,B94JZ,silver
CJ0F1,PYGY9,gold
YWRH6,BD9HP,silver
Q7R6J,AZ33I,gold
32AW1,SMK34,other
OBCO4,CZIJG,platinum
TPD6K,PQ0P5,other
6U11W,V92GO,other
TUFF5,CUPAW,gold
FWL9H,ZAYT5,gold
6FXDT,YU74H,platinum
EGCNC,U4PLI,other
WBG2C,UPEP7,platinum
4XU7W,6CF97,gold
U3UUI,7ZGCQ,gold
FESEP,WOB11,other
NQ3MK,H9AEI,other
V8RX2,QD9K4,silver
G8GXQ,3NGDN,silver
0CA0X,ZK6X3,gold
DGRR4,DQIGN,gold
NO5FE,CBAGZ,platinum
WP1H4,2UDEV,platinum
1VFA0,SWJ4X,silver
3HI7H,TLCX8,platinum
7RSO7,2LIGE,silver
VXYRE,29MAH,platinum
E5RYU,DCZWA,other
1FBF0,HSUXP,platinum
O54F3,LH7F7,silver
09Y0O,4G5AV,platinum
RPMWW,B5T0Y,other
KNNEA,PNXYV,silver
9RQ0L,WLGH6,other
CNFM8,UPJQ9,gold
YJ35V,2HI3Q,other
254NQ,X4BIW,platinum
6R0RM,57ALX,platinum
LOABU,19IGV,silver
GGLHW,K82YZ,silver
L62P8,M4XRC,platinum
QMZAD,89AW6,silver
Y64TD,H4VMN,other
D63LI,TR7MN,other
NRXPD,PWNU7,gold
5VUVI,Z8ARP,silver
FPW5L,HN88Y,other
B6ZKM,4CXAF,silver
8QG3B,W7DR1,other
MJNSU,D6XYM,silver
I1K49,A7294,other
9D04J,ZSYGA,gold
Z9EE9,XNFUA,gold
45JY3,6GAQ5,other
H6HRS,3LXFM,platinum
IVZFP,KXAEK,platinum
ABLZL,D6NXO,gold
IITBX,QIFKY,other
I7TS1,95B89,silver
88SY9,CSZCN,gold
IPEZ6,S7MF0,platinum
4MRY1,IVQEB,platinum
R3FFM,C66JA,platinum
2UW6M,KHEPJ,platinum
M3G6N,Z1L9Q,silver
Z4V4W,3CMBC,gold
YTZ7V,XEQNI,gold
QMPFC,5JZ1Z,other
UAWAA,NO2LM,platinum
BTF7G,5J1AW,silver
338EL,YHO6P,silver
Z5O75,I4PMP,gold
C82TI,249LY,other
DKUNX,FQRK2,other
7OVU0,4BM5K,gold
8K5NV,EVVBQ,platinum
O18LC,J0ZOG,silver
B1UU5,M69W2,gold
KQBBS,I6SAJ,silver
4DWAI,RW7DU,gold
A4D5Z,X6CNK,other
UYK25,B26BL,platinum
5IO7K,OAJWJ,silver
2CENT,1WXFW,other
6F8ZV,OXUKB,other
GSML6,3UO3F,other
T4784,HJIFX,other
TZ2U0,K59CY,silver
C6BCN,J4IVC,platinum
OMI8B,R66KL,gold
5WMTT,Q9PZU,platinum
3VTHS,3PO4Q,platinum
YF00T,9P0NA,platinum
LO00W,KJPWB,silver
HXMOH,61QRG,gold
ITCYH,712OL,gold
QQ1QJ,PAXIB,platinum
EGX3E,RJWPA,gold
VEBEU,1AH4D,other
FIDCI,GQ46R,gold
PSBME,FMKPK,silver
R9ZH3,U3S21,platinum
O1PJA,Q678Z,silver
O32NC,NM4I2,gold
CSBS6,TOF8J,other
0NXMT,IMK9T,gold
XLZG8,6PG6C,silver
7BPAZ,J4AC4,other
70OXL,2DMWI,platinum
Q4XXS,Q0QAL,platinum
IIPJU,SOJSM,other
FNV0M,EDAEF,gold
N20AR,1JA6J,other
I2SY9,IJEVL,other
6GYQZ,HZUHR,silver
X4W7I,TNHU5,silver
UHQJJ,93M9J,platinum
TO4WM,42JER,platinum
IWAXC,N7O1B,platinum
SAKU3,X17ZG,platinum
Z39M8,78R60,other
PXDZB,MYLJQ,silver
TCQRO,IBI9H,other
HJWM2,2LVHD,other
EOGW0,1T3WI,platinum
F7DB5,E2IHG,other
K9HXM,0G2K3,silver
LAAEO,S2HNZ,silver
76W88,GRSBG,platinum
OQS8P,9EZ0F,silver
YMPPM,JUWYO,platinum
LOD1Z,4N9FJ,silver
FG63L,RCFQC,gold
COQ8G,R099G,silver
C6AJ6,UBJR5,gold
TLFA2,9HIMR,platinum
Q5AO4,JUYN3,other
YD9OD,SKOK8,platinum
RCSK0,YABH5,platinum
HULU2,PMWW2,other
D1WJ8,EN4KH,gold
VTABM,QA9T9,gold
QUX64,DUF6K,other
9M3Z8,BE8X1,other
929P7,8JUZK,silver
484PF,68EAC,gold
7UMXA,3SRNP,platinum
8RZFP,PTP0S,gold
Y6SR4,M5VN9,other
2Y97I,JX2AB,gold
TLO26,3WLA0,other
KG3PG,2W146,platinum
S8GFY,13FMT,platinum
9PKYP,I8RSU,other
BF42D,PUJOY,other
Y03G6,SEC6B,gold
MBUMC,QSS2X,gold
H24N3,KO6CM,other
TFGMS,5L3KF,platinum
LAETB,AU395,silver
E0VAL,9FYAX,other
FNNO3,6RYL1,other
T8R5H,44PZK,gold
308WE,BJF51,other
YHCAR,RWYF7,silver
DH789,6SHXR,gold
ZM1QI,JIQHK,other
DS60I,ULAQH,other
0S38V,X5DCB,gold
AREXP,FH0EK,silver
TRC57,L677M,gold
NJHAK,OLRYX,other
DJQAI,WN1R6,silver
8QCCX,5Q23B,other
F7JV4,NX1KF,other
4DTB6,0Y5TZ,other
UG1Y1,G1VMF,other
VI0RK,5ETSX,silver
FJ3ZE,POY3P,other
7CJBH,MA5IZ,gold
O7229,F82A8,other
CF2I8,15GQU,platinum
TH6MG,BORXY,other
NWR7F,7869M,platinum
OUQEH,330VZ,gold
UNGL8,Y7LDW,other
83BGD,HNN6M,platinum
XRXTP,099DU,platinum
IVQRN,U30F5,other
X21UG,OZ551,other
YW4TE,DTYAM,gold
X0JUQ,OFCTF,platinum
ZU9S3,6V20F,platinum
JGZHI,Z2D62,silver
19L9L,U2MRD,silver
LYF17,2ZJQJ,gold
HHH4M,3OWWW,platinum
LAQN5,MND2N,silver
DR825,NKKK5,platinum
R7QKU,2ROL1,other
XG3XK,38T6H,platinum
PYT9O,8G9DC,gold
051LC,88OL6,silver
O59PJ,KB5QD,platinum
4DCAQ,1CG3J,other
DFV08,NWJ64,silver
DXDKW,TJLCY,other
9UKNK,7ALKJ,silver
1HXCN,WR44Y,gold
1PZRU,KWPI4,silver
PJZ2F,60UMU,silver
SYFAT,X4GKI,other
K03TW,I94M9,platinum
FU1N1,Z5VTP,other
0SZ4X,TLV92,platinum
367GH,MXTS3,other
6T7JK,WCCYD,silver
TVH7S,OM628,gold
UI3P5,B5IW1,gold
AV5RU,W2GIF,gold
PNE8B,TQXJ6,silver
ORBGZ,NZUHA,silver
KW4QV,NB4I0,gold
SP44R,UOK1I,platinum
ANDPI,WSF9A,silver
1AHHT,P1XJK,silver
JDARW,7ZC6C,gold
B12BC,MBI9X,platinum
2I1Z0,NF1A3,other
7RNR3,N0VQZ,platinum
4GAYW,MGYBC,gold
82F6E,MHD0Q,platinum
NSP10,WQKKO,platinum
YO75C,4OCSD,gold
RPV9X,ORHRR,other
EZSZZ,15GY1,gold
YJN7T,DH7PU,gold
4Q8RX,BEY1S,gold
TVZ6Q,1O8HG,gold
PBTPT,9O4G4,other
RTM7H,RGD8Z,silver
RJYV2,HYLNP,silver
4XMMI,SGFNB,other
ZYG27,K5764,platinum
BPOH2,A0NY8,platinum
KC51P,KE1XM,other
9U1M1,MNUQQ,gold
0PXJ6,LYNUP,gold
V1BIY,Y4TZZ,other
54WWT,CKBQJ,platinum
DB371,QMQLR,silver
YG47T,L0BCI,other
COKZ3,3MFED,platinum
E1RIR,U4L8A,platinum
QJ2J1,Q1MZG,other
UA73O,ZO0DX,silver
WY0B3,IUSJ8,other
7YLCK,AVLT5,gold
LS14Z,FE2C3,gold
JRSSW,MXE8U,other
UCIK9,WWLPO,silver
5Y3OZ,BLZLD,platinum
O63YJ,9J8OG,gold
VQX6Q,ONCSH,gold
CA29W,6GAQ5,silver
I30KE,T7DQV,gold
KHQPO,SSHQO,other
V674T,Y3T54,platinum
M0M48,H7ABN,silver
SXQ3Y,RZ7HF,other
ZGHJY,ZHIQQ,platinum
T2WSE,WV94C,other
O5S92,TUA2R,platinum
7GRIG,S0RP1,silver
Q5SHT,HQSUJ,gold
T53SP,TI3KQ,silver
FWG43,LPMI8,other
WOLZN,3M5Z8,platinum
ELWA6,NPBBS,other
CFAVE,YIQF3,platinum
9O0YA,WBWBB,gold
KWKH7,OOU7I,other
7FKBK,W0RNX,platinum
H2TOQ,AIDK9,other
44BHE,V4JE2,other
HNV83,CHWBS,other
JHKJF,U2AZ0,gold
W9TIF,TX1UO,platinum
THHV1,4PKK1,silver
HOK7O,4RDCO,gold
7QYPN,3OPPI,other
1M4IW,HJ9SU,gold
P9VC0,AVNN3,gold
NBM47,ERN09,platinum
O4QNX,UJ72T,platinum
0VJ5S,YEXTH,platinum
OAV1X,9GRUK,other
R3XNC,O6DXZ,gold
SVOFW,9W9VI,silver
TJ812,4NYOK,platinum
301V8,Y3N1C,other
BIGT0,V4VEP,gold
6Z4KH,O1L48,platinum
0G0RJ,3QEXH,other
6ZHLK,OLZ4H,silver
CUQ16,TCYHG,gold
TGJXF,WMG3M,gold
UNVOM,2Q0XD,platinum
3BBBY,OF17O,other
Y0DHF,6IF6C,other
3ULV6,50L99,platinum
3OP4Z,G0NHQ,silver
7KGON,UBLVD,gold
IHDRG,1IAYF,silver
O80VG,GK3I5,platinum
GWP8J,PG8BV,platinum
I8SIX,VOYBV,other
FCFTT,NV7Z7,silver
BLW66,I2PXD,silver
MMNYT,6VGN3,platinum
QKGRK,TV4SE,silver
YWH0S,4WJUK,silver
67L8L,YLA7I,gold
RGOPT,5W7WK,platinum
NLX5Y,BNV1R,platinum
1UOU3,524RU,platinum
OFNQF,JQIZU,silver
IFSLQ,09T7J,gold
ABVLB,NC1T0,platinum
JNBBT,5OJAY,other
VLEAD,TGZGW,platinum
43K1C,MY8VG,gold
ZDJ5J,O58OY,silver
LXBEH,T7ZIJ,silver
8LAFX,H4VMN,other
DIUON,4931O,silver
TY7IK,TFNKP,platinum
OPOUZ,UPY2H,silver
IDUJL,GDY49,silver
FU8C8,ATJC9,gold
FWB4W,KAUMH,gold
SBIUW,93VVK,other
438IZ,9PIO1,gold
555FQ,N5KKG,platinum
YLY1G,OHXRX,silver
BHYVP,9V939,other
1IBI4,6V20F,platinum
QZ2AV,2AMC8,silver
5CHDH,MLPZH,other
55T4B,I9L7K,other
Y5A8Y,XW1K1,other
GR5KV,KRJ4G,gold
5351P,S5R0A,platinum
K7VT4,HZDHN,other
DS2IC,15FHN,other
STYD3,4MFHY,silver
G0YO4,6OXEM,platinum
UF1WI,3CMBC,other
H85BV,VQJ4W,platinum
XH98M,DGNF5,platinum
9AW68,RVMDH,platinum
N6I7M,1L4VF,gold
154EK,5AAEL,silver
T73L1,0CK2E,silver
V9TIQ,E70O2,other
L6KU7,13FMT,other
Z8ZK9,JK24G,gold
9UROD,T1PRR,other
MV5Z7,LQNQ6,other
OIW9E,X4VU4,gold
8M6P2,90EZB,gold
EYQN4,PA9PO,platinum
ZDEXA,KE1XM,platinum
L4N13,3ZE5L,silver
CHI5J,DLLU1,silver
PKGJM,I1PDY,platinum
8S3V5,4GXJY,other
TJAFO,C1VLT,gold
8RNMO,019DI,silver
FG61P,X7HK5,gold
XWGLM,T5EH5,gold
SH0RD,WNEQH,gold
NX47S,YFCNV,gold
Y5TZ5,XRNI5,silver
VZ50G,A3F1N,platinum
MV8JJ,LU1YB,silver
HQNKL,A96JU,gold
FVCOH,B8LUT,gold
A1YNU,B6GBP,other
REF4B,LHXAX,platinum
ETEFH,F5WDS,silver
ZFTUG,M62I4,gold
EOLIN,ZO9MC,silver
16JII,H68RY,silver
8M4PJ,HQ5LV,silver
8IHLM,UJ7IQ,silver
9YS5K,HRIGC,silver
QYUWT,JAIJL,gold
V7I6K,GSEYN,silver
49DXA,KIT03,platinum
PMO85,SRBH7,other
5UT1W,FZ5LR,gold
7VYEP,Q7ODO,platinum
T2APZ,0AW1A,silver
WWGXV,SF2WN,gold
JNP1L,5VRFZ,platinum
3KMUT,MJOCP,gold
AX9S6,HXX19,gold
R94ML,230XF,silver
1HLJG,19IGV,other
WHP6R,V2A0H,gold
8SSGM,TL4CO,gold
JJIW7,PB9YT,gold
G11T5,Y6IF3,platinum
XJ8V8,DHUVC,other
WFULD,6UDBV,other
9V8WX,KDGIQ,other
7FF9L,S6HIY,other
AHO48,AOXCU,gold
H1MFN,AYPZC,other
5PCF2,ZERX2,other
RY17S,MILXI,other
9N6TN,IP22K,silver
C7VXD,QZ772,silver
H59E7,IUHVJ,silver
H9QAA,NFXQK,silver
SRBIY,B6GE8,other
KK4AR,QC9G0,gold
EV3WI,IHA56,other
UY3J7,FRUNR,gold
8UP8P,4N9FJ,other
DMMM9,Q5I8H,other
ZDUW1,U23VS,platinum
PAC4D,6ZMSI,gold
UGTYY,LJJLK,other
IRM91,JCQB2,other
U23UV,N78OR,platinum
L07BN,JJP9N,gold
9HF3Q,QANLL,platinum
CK718,X1ZEM,silver
IU8AS,RFAI5,silver
ALS9D,EZ2HH,silver
9I8UF,NJYXU,gold
72RBU,ENQNI,gold
QTIUM,22YRO,other
9697L,KM54N,platinum
S2U95,DD054,platinum
BT7MN,K3DWY,other
DAXSP,RJBM4,gold
NQ9YD,B9D7I,gold
3XCC3,S8YWF,gold
VZDSJ,CQOL1,gold
D53LK,5512V,other
DSI4J,WWLPO,platinum
SRBH7,00T3H,gold
NVJW1,8JODX,gold
V3W5L,HZGY3,other
XU5MQ,Y1X3D,gold
7ND8K,ET8YE,other
T4GNY,5WT6O,gold
JOKYK,IU2LU,other
YF9IW,TYBYS,other
J0T7M,8NA6F,silver
X8GGY,FY4TR,other
CPTF5,4AONS,other
KLSCQ,JUWYO,gold
CAAMQ,JEQAF,gold
9DN7V,DFFGC,silver
BI98D,3PNLB,platinum
3YVRB,UNMDC,platinum
DUDM2,NDJ3N,gold
OMDLM,QE754,other
UUWR3,NB6Z1,gold
47ZNU,L0AT8,gold
JXVC6,JLEKB,gold
9OCDG,J6GY1,gold
7ZPIY,L9D2X,other
5O8GS,FI9EM,gold
P3VNT,ALSPX,other
XJKZI,0W2YD,other
1ANY6,VYD6H,platinum
XGGP8,MUK28,gold
XG2JU,2A0DQ,platinum
MXJZB,XYC8F,platinum
18R40,XCE4B,silver
ZQJIP,RPV0Z,silver
U0SE2,MBI9X,platinum
F0BDJ,6NJ6D,gold
TJZ15,JSY1N,silver
B91TA,8T422,silver
UFV8C,GI5PQ,gold
NO7E9,SYCH3,gold
QUS59,24EC4,other
ZXP45,A6BVQ,platinum
XGDNK,CW6ZS,platinum
AIWQ5,X45DU,gold
Q42NR,8EHE2,platinum
K5FFR,YNWBZ,silver
12GPV,QIW1E,silver
4ZL95,Z54WW,gold
L05XG,ZMG9X,platinum
TLIZT,M62I4,platinum
JI7EH,UI165,gold
P3BDD,NLVHM,platinum
RFWNR,S9A5U,gold
NX666,TT9NJ,silver
3T952,D1H72,other
NLRDD,03KQS,other
01NJT,0UTWK,platinum
M8N7W,U21FS,platinum
5VN31,U61SN,other
K8LLJ,CTNDL,other
VHOGV,MQ11R,silver
4USN7,KDEGL,platinum
GX6H9,HMH9V,silver
52GTZ,N3DQV,platinum
LFZGX,9QS6T,other
WGGOI,NFWVA,other
HY37C,491OU,gold
0JK61,DJZB0,other
WE18P,DWJ7E,gold
YX614,YZF44,silver
I6YTH,NNO30,silver
RS0AU,1EIHU,silver
QBY2W,F1JFB,platinum
UXGPV,EXQ8Z,platinum
7RWBX,TCYHG,other
TV65J,12DUE,other
N202A,B80VF,platinum
RS6UT,PWAEF,silver
TP26K,EPKPD,other
TX35N,5CHTR,gold
D9YXV,NA7OM,platinum
10B8M,8RB5G,other
6V49Q,D68PR,other
3IGMK,1MWCH,other
T1VJ0,E30YJ,silver
ULSK8,MZ0U0,other
9CAEE,LRPFG,silver
6139C,IA909,silver
3M7OX,QKZRJ,other
FP07X,008DS,silver
ZBYLF,8UQPH,platinum
ASZ3D,I7SVR,other
2LJHZ,WL4TA,gold
43HS9,BK7L2,gold
RMQF3,Y2CCN,other
N9B5G,MF0WA,platinum
KZRJB,5HDTU,platinum
EY4OK,4L155,silver
0LN2I,HJG8R,platinum
7ZLM4,HVM9G,silver
QAWXG,AQRKJ,gold
YGAEB,23SOX,gold
D42ZI,GMO8D,silver
DE4LK,27SZF,other
C1AWJ,53SQI,silver
W14SJ,4MMSZ,silver
8EUZI,FMAQR,platinum
RFD48,DPHK2,platinum
J83SN,OYAM5,platinum
7IYF5,IFXVJ,silver
KA0U4,HLH8X,gold
74ZVC,E9TOC,platinum
D1M6O,16GET,gold
658EZ,O13A9,gold
EVZCA,9XG5D,silver
YPBZO,Y8CE0,gold
WBVRV,98S1B,platinum
0MGO6,Z71ML,platinum
M85K8,LD6L4,gold
73DPM,OR6CA,platinum
UFNUW,OHYJM,gold
N6NZ5,2XC7O,other
6DVMO,VNXYW,silver
2V47F,2P0A1,gold
LHT9O,VOXMZ,other
4Q34E,QDQE7,other
YQPNB,3G0VR,silver
5F8B2,LG7CT,platinum
1NHBD,ECC6D,silver
I2WLJ,RLA3E,silver
M5X4D,MK4DM,platinum
1CZ6G,W8DQK,other
TNEDG,TX291,platinum
HQGMK,7L9D2,platinum
3HPIB,XEDFV,other
V84WS,6DT47,other
ZEV6J,CT20Q,other
MMTN5,7SBE9,platinum
0MPMI,4QCGX,platinum
LGRSB,Z965A,platinum
PY6U3,F71CH,platinum
IVBPA,63K71,other
VPYJI,C0J8K,silver
1HSME,IP4RK,silver
YRGTZ,M7R3X,silver
S89PJ,SWLD6,platinum
4RMQX,FFE9K,silver
BB32H,NONPR,other
2ZLEY,0CZ4Q,gold
BEEXD,V3N5P,other
QZFQV,5OI4Z,gold
80ILV,FEA30,gold
0VPGZ,7UH59,platinum
ZAZRU,UUUQH,silver
5PJKL,M655N,silver
QG1UD,9FYAX,silver
EBCSB,Y75BN,platinum
C0DYT,MB7WD,silver
MDMS7,I0DM8,platinum
UHZJB,TRTB1,platinum
7YVV7,SSD85,platinum
UPBQC,PACJ0,gold
DSC2O,6JJ1P,platinum
W12JN,HQMVD,other
O5AJL,AVFH8,other
3FKG7,FRUNR,other
JI5WO,9P4G0,gold
YIB1W,S0HCH,silver
05KA7,2HRYS,other
Q2XQ6,W72L3,platinum
5E47O,RU7NS,other
RA50N,6ZJ2S,silver
NL1B0,232AW,platinum
IVCNI,BLMXI,silver
UB8GY,IKVLO,gold
QGHKZ,K4488,other
FCZ3Z,HCWCI,silver
M30ZX,DHWEN,platinum
6PQ4S,5JTDK,silver
AIS1Y,KXLWS,gold
MPA1I,2ECO7,platinum
RCMKN,VIBDQ,gold
A9OQE,9BECT,platinum
PRWSF,VQO3R,gold
84JA7,RRRAN,gold
4MOUE,J8OPP,platinum
KXDJB,I3H6T,gold
Y2J8P,UT94P,platinum
939QK,CMPV7,gold
C1EDL,9J5JS,gold
VYN5P,PUQHH,gold
FIG6F,1RJU4,gold
E32P8,6CD5D,silver
QJC0E,LNNVZ,platinum
6W5F4,R1226,silver
UC2HJ,3S9SZ,other
EJT4T,4CAR2,other
D7O36,76TPM,other
P07E3,CJOGQ,gold
CWZ02,6VUTG,other
MPXWV,Q6Y4M,silver
SXK0W,R7U1D,other
8ZDD5,ZZS73,gold
YY29N,EC912,platinum
XDR54,PSCEN,other
4NSGS,WHRKN,silver
886HY,C3WM3,silver
J4J1Z,KFCXV,other
C8YZN,JDHSH,other
HFWYX,2HI3Q,platinum
E0368,WCN9R,other
ZDA8B,W7DR1,platinum
BS5WM,LLBGF,platinum
3BP75,1M696,platinum
8Z513,OFRRN,platinum
2S6S4,N1W9V,gold
EOJ1J,LZT9T,silver
PJTCV,MYVUY,silver
ZNM1U,WSCTI,platinum
Q5PMM,R6JKG,gold
FBFTK,M8DOT,silver
QNIV3,3RAPJ,other
F8Z6C,XD7VL,other
UTJ6M,T3LBZ,silver
AE6KW,FWRER,platinum
ARI4C,I7KWS,other
0AB5M,77B24,silver
DQYR1,5UDT3,other
BUANV,ZK8Q4,other
E8QLK,7PFC0,other
1CI1C,N16MT,silver
0ER9T,WIUJ4,other
EPULQ,UMV0I,silver
IEFST,C6AJ6,platinum
W8UTY,6S3Q1,platinum
SV9IA,W7RZ1,platinum
Z6UKV,50OZG,silver
R4V7E,YH1F4,silver
VYNQO,MRRFY,gold
43RV9,6K6I7,silver
MZ915,4Q34E,gold
CLW8W,CZAMZ,platinum
RXCHE,05H6L,other
XH7T0,MSTYM,other
0YG4M,S2IYC,other
2JTZ2,C27C6,silver
RL8WA,OIIDV,other
749HQ,LMXC6,platinum
BXK9J,F345D,gold
CVMHY,T7DQV,other
DJO0P,LQA5A,gold
CMO98,V0OWX,silver
9K3S6,N53AK,silver
J9SV0,6Y8JS,gold
PRATM,QH3L9,silver
0E0TB,L399R,silver
3X7BU,V5TW5,gold
NHLKK,WVHHB,gold
DLX6V,UUUQH,other
4SV9X,AL3XS,other
MJ63I,PZDRA,silver
MJ7KW,60CFU,platinum
02WWO,0IJYB,silver
3SJOA,E6NMP,silver
4RGS5,62MMK,platinum
ID14V,UOZZ0,gold
0FFIW,KQC58,other
TZL0Q,2M1ZR,other
WNRCT,HH6T6,gold
QHAYZ,29OXN,gold
D6RVB,0YZJU,silver
27JQ2,O0EN8,other
536NK,1R09K,gold
3I68A,EIV0S,silver
H6BKU,S26SM,other
RIIIJ,U9HPM,silver
2SKHV,A18LJ,silver
LZHPA,BTHO1,platinum
MPI10,0EY1B,platinum
ZD6K5,T1R5T,gold
VMQWU,7CT21,silver
4BYHE,12J7N,gold
CJEWG,SD263,gold
UFIJC,KER2J,silver
MX7WD,KEKGV,other
LKLSR,5GL41,gold
0IQ6U,9C3Z6,gold
J8ITZ,PWSE2,gold
OQBID,T4Z7Y,silver
K70IV,4T4ON,platinum
Y8CKM,60CQW,gold
B1HDI,ZTOWV,silver
62G97,88VSC,platinum
V4DM9,TAO8I,gold
F29W0,MOX4X,platinum
YOFV7,BOAKM,platinum
K37MR,XYXW4,other
PM2NR,BD3R5,silver
BAK0R,LFO2S,platinum
3JGMZ,OBBPL,other
LVKQH,NS9ZE,gold
FNBCD,MF8L6,platinum
9Z5VG,3R1PU,other
N3R3S,DYARB,silver
BRK9Q,M7K4P,silver
QN3Q7,FG4OU,platinum
XUI60,JCKHV,other
K776R,7AWSB,other
RHR2Y,LGNWF,gold
M8RBS,TFHGE,other
4EAIM,AUCRX,other
SLU7F,F4G60,silver
6X6GN,9XEE0,gold
2TMX9,0X2JQ,platinum
M60YT,ZG4HN,silver
8RKFF,530GA,other
43S68,OB4OL,other
HPM2P,YJKDK,other
2DHWE,2Z6ML,platinum
MJOTX,44UZZ,other
ZNYX2,C92TX,gold
YADSM,P69K3,other
90GW4,MSTYM,gold
YOTGZ,0DVVQ,silver
V6MJN,8XK4U,gold
SWAN4,9IS6S,other
DAPSL,DBJGY,silver
38P8W,W6FUM,silver
7C1O3,2VY2Y,platinum
DFCQ8,HO3J6,gold
FTXI2,43HWH,other
8LZ31,18RIQ,other
FD3N6,AAW8F,platinum
NPME8,Z8ARP,silver
F2CJW,T1R5H,platinum
C9NE4,W8MC2,silver
GYYOU,67D3L,silver
NH03D,X0T4A,silver
27KDS,KO3BG,silver
WLTF2,JKSCU,other
AM8V2,8RD4G,platinum
HIWZQ,ZOXSK,gold
EJE4T,L2X39,platinum
SABCG,HVSU2,gold
W15OK,R1LFM,gold
JQUSW,5N0EH,other
6HK2T,10JCB,other
8JAVU,LITWL,gold
QKOPC,WBNT4,other
X231H,WV5BJ,platinum
UFPZN,L8S3F,gold
AO0FT,460DP,platinum
DXJLO,23BWA,gold
4T1N4,RTOHI,other
0KOGE,LOWMR,other
EFT7A,FQWNZ,other
MYV3H,KYSGP,platinum
P5UFK,KB91A,gold
12Q6R,LTI3D,other
HAW44,ZZOCN,silver
QI0LL,ZTV8E,gold
OKDAL,5ZOKU,platinum
KVQRA,LAYKD,platinum
KTNQ9,AKTBM,platinum
6W2B2,DDOZQ,platinum
90W7C,1XH12,platinum
PZDE3,OAOYI,platinum
6G8NZ,Q678Z,silver
T2V03,1RRVY,platinum
DDFJF,S8V7S,platinum
W7461,TGAFB,other
5TXTM,ZQ0FJ,gold
XZXFA,BX8NN,gold
BKTBB,0O88R,gold
Q3SWI,4AMGM,silver
3NXIC,BN6M8,platinum
H6EIL,VSA5H,gold
YLBII,DWLKH,other
4EI5D,0UFD8,other
AD7G8,FPABM,platinum
H4VD2,ZXQC1,silver
PT4H8,ZVDC2,platinum
5MWIZ,K3CH7,platinum
6P6LQ,YV5C6,silver
NFABZ,GP0RV,gold
JVV6J,9EGG6,platinum
MI8PC,8SBQH,gold
ZKY31,ZKK2D,gold
IGD31,05RLT,gold
82SC9,P5NTJ,other
C20HC,3P90E,other
7ZTTG,56KET,gold
LQ7WS,GH9JK,other
Z1RFX,UFANH,gold
FAYVA,6IHX7,gold
GZNT2,P9K9S,other
G934X,E3PVP,silver
DUCKQ,IHWMS,silver
8JCXU,ZS4W0,gold
BXVDI,2TCNB,silver
3N60U,N0448,platinum
L5JAB,WW5TB,other
9IQR3,TB7MV,silver
0QQ7V,4ET5N,other
BY4B6,OOIFY,gold
OEUWH,BHCX0,silver
HGBY7,HI3FR,gold
MLZ88,2FDCS,platinum
4BASO,6NH4Q,platinum
7B8CN,R7RDM,silver
D81WW,A2FGZ,gold
QTM9A,TO323,platinum
EWURI,CIMGB,silver
P73ZX,0LK9J,silver
GIBBP,K2SPN,platinum
2X8NK,6HOEF,gold
PGXPX,GIJNW,silver
QL0MP,VGWCE,gold
TE0Y4,V4DM9,silver
YLQHE,NXHWI,gold
JG625,JUQVS,platinum
LZPZ9,4T25M,other
W61PU,90DJ2,other
EOFH5,KN8SR,platinum
R8TUC,BGDVU,silver
2WGRR,NBCS0,other
5MF2M,QSN4S,platinum
WWGTL,Q0N91,silver
8I6LL,PTPYF,platinum
8S890,BXB52,silver
HG464,MWXAT,gold
ZDVCU,IQZI6,platinum
56LGW,6PBFL,silver
Q19O6,SQ20G,silver
4TNNQ,4AVCC,other
ILAI4,KTHM1,platinum
PVA3C,WV980,gold
14ODI,PPWLF,other
35BDJ,Q6MD7,gold
67HYZ,UY3GI,gold
PFNWQ,O6N2S,gold
9UP1Z,VUI3I,platinum
XZJXD,PI9JV,platinum
B28ES,LG7CT,gold
92158,Q49L6,gold
6Z8RK,GQDHJ,gold
6THQP,EXY0Z,gold
BH1GL,Q4UH5,silver
7KD5P,2JBJM,silver
8OOKY,BOJ7L,other
13FLW,5NL2L,silver
2GZP9,4GA7X,gold
BLAHD,Y0NMK,silver
6YIS8,EV565,gold
QZ31G,PDTL7,silver
AIVOV,5RDZM,platinum
7E5DR,FGIRP,platinum
CJMSE,EYQET,platinum
L5QS8,7W8QP,gold
JK9N6,0AIAC,platinum
R2I72,7S9YH,other
CRXSI,RRJ7X,silver
JGTTR,EDXKI,silver
F0FDK,FHAW9,gold
DKXYK,8YJJT,silver
0A52R,HDAEM,other
WQLU2,P69NU,other
PWZFF,F6TJ2,gold
4OU56,F90SW,silver
EEP3Q,WDR29,other
1AP7N,S0MN0,platinum
8A2QX,76NUJ,platinum
S8I3V,H78YV,other
FDPO6,2NI49,gold
NRNOO,9IWTH,platinum
XDW6H,R264S,silver
TSQE0,HIWZQ,silver
WY3XT,W651R,gold
5KTHF,IS5EN,platinum
USV23,GXP8E,platinum
21KXK,4HN2S,gold
28UZO,R1B03,platinum
8962,S9DYD,gold
P5JKO,1T8ZY,gold
T89BT,DOJN1,other
B7ZQY,ZUXSC,other
Q2WJV,F6VO3,silver
WH2D1,FF9UY,platinum
P2AW0,TEXWX,silver
T6GJW,ZHMK7,platinum
JMGLM,WFA4B,gold
DV92G,Y10C8,platinum
008DR,PLPMB,other
G4ZKY,06TT6,gold
8BID6,9TOMI,gold
487KA,4KY37,other
XAEKD,NCFKQ,silver
UY409,P8S26,silver
TKR2V,OIUOU,platinum
YE1DD,AHHDP,gold
8IPBG,ZZ1Y8,gold
0FGLF,XV23O,other
4TEZZ,Q6IU9,other
NJYMM,4WRIQ,silver
1TWMZ,ALP68,silver
G19IG,7KDR3,silver
23INM,FP6V4,other
LH59T,EG4WN,platinum
AU7V1,3G670,platinum
CFCTJ,RDV1M,other
Z9TF1,2C2U8,gold
DRUO7,49ZT0,other
BDFQO,9PI3R,other
YA1PN,OVGF2,other
03BNR,TL4CO,silver
9CG8C,MGQ6F,other
73J0R,N29RZ,platinum
H0777,HKATI,platinum
VN1ZY,UU5CS,platinum
5A26T,RGKTA,platinum
3NICD,HB7MT,other
I2BAN,ZCZOB,other
TAO8I,RU3MI,other
JW2MV,QLZVW,silver
8H6GC,26RNW,other
GMPL9,HDX5Q,silver
10EPI,P8S26,silver
OZ1UJ,EYIXO,gold
7CSOR,P9ALB,other
R7QZB,TNMZU,other
TCX72,V1368,platinum
GGCCV,K3KR7,silver
HC6V9,WAIA2,platinum
Z60KK,TAO9K,gold
8YHFE,ZL95H,gold
D6B47,5N6BX,platinum
A3N1Q,WGXV7,other
XKYL4,RJQ08,platinum
I421B,FFSBE,silver
NH9DN,ES5IS,platinum
IANLO,PX3X4,gold
CDHZN,A5YA2,platinum
6MEU2,4R25E,other
HI9HT,AYB53,silver
APAZY,VXJFN,platinum
LO0EN,ZBRKF,gold
RTK2Y,B8LUT,other
VMVRE,V0KPG,gold
OBSNR,ZHU37,silver
YNF34,TL2N5,gold
5Z2TW,O2H7Z,other
HN5SK,097YD,silver
SLV54,XU3XN,platinum
YKYQ4,95YRZ,other
U46L3,KVC9N,platinum
UAR2Q,D9NBT,silver
